the	det	69968
of	prep	36410
and	conj	28850
to	prep	26155
a	det	23186
in	prep	20867
that	conj	10593
is	verb	10108
was	verb	9815
he	pron	9546
for	prep	9489
it	pron	8759
with	prep	7289
as	conj	7252
his	pron	6994
be	verb	6374
on	prep	6182
at	prep	5372
by	prep	5305
i	pron	5163
this	det	5145
had	verb	5132
are	verb	4394
but	conj	4381
from	prep	4370
or	conj	4205
have	verb	3942
an	det	3738
they	pron	3620
which	det	3560
you	pron	3286
were	verb	3284
her	pron	3036
she	pron	2860
one	det	2734
would	verb	2714
their	pron	2668
we	pron	2652
him	pron	2619
been	verb	2472
has	verb	2436
when	adv	2331
who	pron	2252
will	verb	2245
if	conj	2197
no	det	2139
so	adv	1984
said	verb	1961
what	det	1908
its	pron	1858
about	prep	1794
than	conj	1790
into	prep	1788
them	pron	1787
can	verb	1771
new	adj	1635
some	det	1618
could	verb	1601
time	noun	1598
these	det	1573
two	det	1412
may	verb	1401
only	adv	1383
then	adv	1379
do	verb	1363
first	det	1361
any	det	1344
my	pron	1316
now	adv	1314
like	conj	1292
our	pron	1252
more	adv	1225
man	noun	1206
me	pron	1180
even	adv	1169
made	verb	1122
also	adv	1069
after	prep	1068
did	verb	1044
before	conj	1015
must	verb	1012
af	noun	995
such	adj	993
back	adv	966
years	noun	949
where	adv	937
your	pron	923
through	prep	910
way	noun	908
should	verb	888
because	conj	883
each	det	877
just	adv	872
those	det	850
people	noun	847
over	prep	844
too	adv	834
state	noun	807
good	adj	806
make	verb	794
world	noun	787
still	adv	782
own	adj	772
see	verb	771
men	noun	763
work	noun	762
well	adv	759
long	adj	752
here	adv	750
get	verb	749
between	prep	730
life	noun	715
being	verb	711
under	prep	707
very	adv	703
never	adv	697
day	noun	687
how	adv	686
another	det	684
know	verb	683
most	adv	681
while	conj	680
us	pron	675
might	verb	672
great	adj	665
old	adj	661
year	noun	656
come	verb	630
since	conj	628
against	prep	627
go	verb	626
came	verb	622
right	adj	613
used	verb	611
three	det	610
take	verb	610
states	noun	603
himself	pron	603
use	noun	591
house	noun	591
during	prep	585
without	prep	583
again	adv	577
american	adj	569
place	noun	565
there	adv	564
around	prep	562
home	noun	547
small	adj	542
found	verb	536
however	adv	519
thought	verb	517
went	verb	507
part	noun	499
once	adv	499
general	adj	498
high	adj	497
upon	prep	495
school	noun	493
every	det	491
say	verb	488
does	verb	485
united	verb	482
got	verb	482
left	verb	480
number	noun	472
course	noun	465
war	noun	464
out	prep	464
until	conj	461
always	adv	458
away	adv	456
fact	noun	447
water	noun	445
much	adv	441
though	conj	440
public	adj	438
put	verb	437
little	adj	434
think	verb	433
almost	adv	432
hand	noun	431
took	verb	426
far	adv	426
head	noun	424
yet	adv	419
government	noun	418
system	noun	416
set	verb	414
better	adj	414
told	verb	413
night	noun	411
end	noun	409
why	adv	401
eyes	noun	401
called	verb	401
find	verb	400
look	verb	399
going	verb	399
asked	verb	398
later	adv	397
point	noun	395
knew	verb	395
program	noun	393
city	noun	393
business	noun	393
group	noun	390
give	verb	389
toward	prep	386
young	adj	385
room	noun	384
let	verb	384
days	noun	384
president	noun	382
side	noun	381
social	adj	380
order	noun	376
given	verb	376
possible	adj	374
national	adj	374
second	det	373
present	adj	372
face	noun	371
per	prep	370
form	noun	370
often	adv	369
important	adj	369
among	prep	369
things	noun	368
rather	adv	368
looked	verb	367
early	adj	366
white	adj	365
john	noun	362
case	noun	362
large	adj	361
need	verb	360
four	det	360
big	adj	360
within	prep	359
become	verb	359
felt	verb	357
children	noun	355
along	prep	355
saw	verb	352
best	adj	351
church	noun	348
ever	adv	344
power	noun	342
thing	noun	333
seemed	verb	333
light	noun	333
development	noun	333
family	noun	331
interest	noun	330
want	verb	328
mind	noun	325
members	noun	325
country	noun	324
area	noun	324
others	noun	323
although	conj	321
turned	verb	320
done	verb	319
open	adj	318
service	noun	314
god	noun	314
problem	noun	313
kind	noun	313
door	noun	312
different	adj	312
began	verb	312
thus	adv	311
sense	noun	311
means	noun	310
help	verb	310
whole	adj	309
matter	noun	308
perhaps	adv	307
itself	pron	304
york	noun	302
times	noun	300
law	noun	299
human	adj	299
line	noun	298
above	prep	296
name	noun	294
example	noun	292
action	noun	291
company	noun	290
hands	noun	289
show	verb	288
local	adj	288
whether	conj	286
history	noun	286
five	det	286
gave	verb	285
today	noun	284
either	conj	284
feet	noun	283
act	noun	283
taken	verb	281
seen	verb	279
having	verb	279
death	noun	277
experience	noun	276
body	noun	276
week	noun	275
really	adv	275
words	noun	274
word	noun	274
field	noun	274
car	noun	274
already	adv	273
themselves	pron	270
across	prep	270
information	noun	269
tell	verb	268
shall	verb	268
together	adv	267
college	noun	267
period	noun	265
money	noun	265
keep	verb	264
held	verb	264
sure	adj	263
probably	adv	261
seems	verb	259
free	adj	259
real	adj	258
political	adj	258
cannot	verb	258
behind	prep	258
question	noun	257
air	noun	257
office	noun	255
making	verb	255
miss	noun	253
brought	verb	253
enough	adv	252
whose	pron	251
special	adj	250
problems	noun	247
major	adj	247
heard	verb	247
study	noun	246
moment	noun	246
federal	adj	246
became	verb	246
ago	adv	246
known	verb	245
available	adj	245
street	noun	244
result	noun	244
economic	adj	243
all	adv	243
reason	noun	241
position	noun	241
south	noun	240
change	noun	240
boy	noun	240
quite	adv	239
board	noun	239
job	noun	238
society	noun	237
am	verb	237
areas	noun	236
west	noun	235
close	adv	234
turn	verb	233
true	adj	231
love	noun	231
individual	adj	231
community	noun	231
full	adj	230
court	noun	230
seem	verb	229
cost	noun	229
wife	noun	228
future	noun	227
force	noun	227
wanted	verb	226
voice	noun	226
age	noun	226
department	noun	225
woman	noun	224
center	noun	224
control	noun	223
common	adj	223
policy	noun	222
necessary	adj	222
sometimes	adv	221
front	noun	221
following	verb	221
six	det	220
girl	noun	220
certain	adj	220
clear	adj	219
land	noun	218
provide	verb	216
party	noun	216
music	noun	216
mother	noun	216
feel	verb	216
able	adj	216
university	noun	214
education	noun	214
students	noun	213
level	noun	213
effect	noun	213
child	noun	213
town	noun	212
stood	verb	212
short	adj	212
run	verb	212
military	adj	212
total	noun	211
outside	prep	210
morning	noun	210
rate	noun	209
figure	noun	209
art	noun	208
class	noun	207
century	noun	207
washington	noun	206
usually	adv	206
north	noun	206
therefore	adv	205
plan	noun	205
less	adv	205
leave	verb	205
top	noun	204
sound	noun	204
million	det	204
evidence	noun	204
black	adj	203
strong	adj	202
hard	adj	202
tax	noun	201
value	noun	200
type	noun	200
surface	noun	200
says	verb	200
play	verb	200
believe	verb	200
soon	adv	199
mean	verb	199
down	prep	199
table	noun	198
peace	noun	198
near	prep	198
modern	adj	198
lines	noun	198
road	noun	197
red	adj	197
past	noun	197
book	noun	197
situation	noun	196
process	noun	196
personal	adj	196
minutes	noun	196
women	noun	195
schools	noun	195
nor	conj	195
increase	noun	195
gone	verb	195
english	adj	195
alone	adv	195
started	verb	194
living	verb	194
idea	noun	194
america	noun	194
longer	adv	193
cut	verb	192
secretary	noun	191
private	adj	191
nature	noun	191
finally	adv	191
third	det	190
months	noun	189
section	noun	188
greater	adj	188
call	verb	188
needed	verb	187
fire	noun	187
expected	verb	187
view	noun	186
values	noun	186
kept	verb	186
ground	noun	186
further	adv	186
pressure	noun	185
dark	adj	185
space	noun	184
basis	noun	184
father	noun	183
east	adj	183
union	noun	182
spirit	noun	182
required	verb	182
complete	adj	182
wrote	verb	181
moved	verb	181
except	prep	181
support	noun	180
return	noun	180
conditions	noun	180
up	prep	179
recent	adj	179
late	adj	179
attention	noun	179
live	verb	177
hope	noun	177
else	adv	176
costs	noun	176
brown	noun	176
stage	noun	175
nations	noun	175
beyond	prep	175
taking	verb	174
report	noun	174
read	verb	174
person	noun	174
material	noun	174
inside	prep	174
hours	noun	174
dead	adj	174
coming	verb	174
miles	noun	173
low	adj	173
lost	verb	173
looking	verb	173
instead	adv	173
heart	noun	173
forces	noun	173
data	noun	173
pay	verb	172
makes	verb	172
followed	verb	172
feeling	noun	172
amount	noun	172
added	verb	172
simply	adv	171
research	noun	171
move	verb	171
industry	noun	171
including	prep	171
hundred	det	171
cold	adj	171
basic	adj	171
tried	verb	170
developed	verb	170
reached	verb	169
hold	verb	169
committee	noun	168
island	noun	167
equipment	noun	167
defense	noun	167
shown	verb	166
actually	adv	166
river	noun	165
religious	adj	165
particular	adj	165
central	adj	165
ten	det	164
sort	noun	164
getting	verb	164
beginning	noun	164
terms	noun	163
son	noun	163
rest	noun	163
received	verb	163
doing	verb	163
trying	verb	162
picture	noun	162
medical	adj	162
especially	adv	162
care	noun	162
subject	noun	161
friends	noun	161
fine	adj	161
difficult	adj	161
administration	noun	161
wall	noun	160
simple	adj	160
higher	adj	160
building	noun	160
walked	verb	159
meeting	noun	159
indeed	adv	159
foreign	adj	158
floor	noun	158
bring	verb	158
similar	adj	157
range	noun	157
passed	verb	157
paper	noun	157
off	prep	157
training	noun	156
property	noun	156
natural	adj	156
police	noun	155
market	noun	155
international	adj	155
growth	noun	155
county	noun	155
cent	noun	155
written	verb	154
talk	verb	154
start	verb	154
england	noun	154
suddenly	adv	153
story	noun	153
hear	verb	153
needs	noun	152
issue	noun	152
hall	noun	152
congress	noun	152
answer	noun	152
working	verb	151
likely	adj	151
countries	noun	151
considered	verb	151
sat	verb	150
earth	noun	150
results	noun	149
purpose	noun	149
meet	verb	149
labor	noun	149
happened	verb	149
entire	adj	149
william	noun	148
stand	verb	148
production	noun	148
hair	noun	148
difference	noun	148
cases	noun	148
stock	noun	147
involved	verb	147
food	noun	147
final	adj	147
fall	noun	147
particularly	adv	146
increased	verb	146
earlier	adj	146
whom	pron	145
various	adj	145
using	verb	145
thinking	verb	145
sent	verb	145
paid	verb	145
letter	noun	145
knowledge	noun	145
hour	noun	145
effort	noun	145
club	noun	145
below	prep	145
yes	adv	144
christian	adj	144
trade	noun	143
square	noun	143
ready	adj	143
points	noun	143
industrial	adj	143
ideas	noun	143
deal	noun	143
certainly	adv	143
boys	noun	143
blue	adj	143
bill	noun	143
moral	adj	142
methods	noun	142
method	noun	142
girls	noun	142
due	adj	142
bad	adj	142
addition	noun	142
weeks	noun	141
throughout	prep	141
statement	noun	141
showed	verb	141
reading	verb	141
neither	conj	141
nearly	adv	141
directly	adv	141
decided	verb	141
try	verb	140
questions	noun	140
kennedy	noun	140
color	noun	140
according	prep	140
services	noun	139
programs	noun	139
nation	noun	139
lay	verb	139
french	adj	139
size	noun	138
remember	verb	138
physical	adj	138
western	adj	137
understand	verb	137
strength	noun	137
southern	adj	137
record	noun	137
member	noun	137
comes	verb	137
population	noun	136
normal	adj	136
volume	noun	135
temperature	noun	135
merely	adv	135
district	noun	135
concerned	verb	135
appeared	verb	135
trouble	noun	134
trial	noun	134
summer	noun	134
ran	verb	134
aid	noun	134
sales	noun	133
maybe	adv	133
literature	noun	133
list	noun	133
friend	noun	133
evening	noun	133
direction	noun	133
continued	verb	133
provided	verb	132
met	verb	132
led	verb	132
influence	noun	132
generally	adv	132
association	noun	132
army	noun	132
student	noun	131
step	noun	131
science	noun	131
opened	verb	131
husband	noun	131
changes	noun	131
chance	noun	131
works	noun	130
series	noun	130
month	noun	130
hot	adj	130
cause	noun	130
average	adj	130
wrong	adj	129
theory	noun	129
systems	noun	129
stopped	verb	129
soviet	noun	129
planning	verb	129
myself	pron	129
lead	verb	129
george	noun	129
effective	adj	129
direct	adj	129
worked	verb	128
ways	noun	128
piece	noun	128
organization	noun	128
movement	noun	128
freedom	noun	128
clearly	adv	128
ask	verb	128
treatment	noun	127
spring	noun	127
somewhat	adv	127
press	noun	127
note	noun	127
meaning	noun	127
lot	noun	127
forms	noun	127
fear	noun	127
efforts	noun	127
consider	verb	127
bed	noun	127
beautiful	adj	127
truth	noun	126
placed	verb	126
hotel	noun	126
wide	adj	125
respect	noun	125
plant	noun	125
numbers	noun	125
herself	pron	125
groups	noun	125
degree	noun	125
carried	verb	125
apparently	adv	125
reaction	noun	124
manner	noun	124
farm	noun	124
easy	adj	124
running	verb	123
recently	adv	123
lower	adj	123
larger	adj	123
immediately	adv	123
game	noun	123
approach	noun	123
performance	noun	122
feed	verb	122
eye	noun	122
daily	adj	122
couple	noun	122
charge	noun	122
understanding	noun	121
persons	noun	121
opportunity	noun	121
march	noun	121
c	noun	121
blood	noun	121
arms	noun	121
technical	adj	120
stop	verb	120
radio	noun	120
progress	noun	120
fiscal	adj	120
described	verb	120
additional	adj	120
window	noun	119
test	noun	119
steps	noun	119
served	verb	119
reported	verb	119
religion	noun	119
main	adj	119
image	noun	119
determined	verb	119
decision	noun	119
chief	adj	119
based	verb	119
responsibility	noun	118
middle	adj	118
gun	noun	118
europe	noun	118
character	noun	118
british	adj	118
aj	noun	118
writing	verb	117
learned	verb	117
horse	noun	117
appear	verb	117
account	noun	117
types	noun	116
serious	adj	116
ones	noun	116
length	noun	116
green	adj	116
activity	noun	116
specific	adj	115
slowly	adv	115
returned	verb	115
obtained	verb	115
nuclear	adj	115
lived	verb	115
letters	noun	115
forward	adv	115
corner	noun	115
audience	noun	115
activities	noun	115
straight	adv	114
quality	noun	114
plane	noun	114
obviously	adv	114
moving	verb	114
justice	noun	114
hit	verb	114
gives	verb	114
doubt	noun	114
design	noun	114
stay	verb	113
staff	noun	113
shot	noun	113
seven	det	113
saying	verb	113
poor	adj	113
plans	noun	113
pattern	noun	113
parts	noun	113
operation	noun	113
include	verb	113
function	noun	113
figures	noun	113
choice	noun	113
born	verb	113
whatever	det	112
sun	noun	112
cars	noun	112
pool	noun	111
faith	noun	111
wish	verb	110
waiting	verb	110
standard	adj	110
speak	verb	110
lack	noun	110
hospital	noun	110
heavy	adj	110
extent	noun	110
completely	adv	110
ball	noun	110
visit	noun	109
principle	noun	109
language	noun	109
income	noun	109
firm	noun	109
democratic	adj	109
deep	adj	109
ahead	adv	109
products	noun	108
price	noun	108
indicated	verb	108
importance	noun	108
growing	verb	108
expect	verb	108
established	verb	108
effects	noun	108
distance	noun	108
designed	verb	108
analysis	noun	108
stress	noun	107
serve	verb	107
pretty	adv	107
negro	noun	107
leaders	noun	107
existence	noun	107
elements	noun	107
easily	adv	107
division	noun	107
determine	verb	107
continue	verb	107
cities	noun	107
attitude	noun	107
write	verb	106
scene	noun	106
remained	verb	106
limited	verb	106
hardly	adv	106
factors	noun	106
closed	verb	106
applied	verb	106
agreement	noun	106
afternoon	noun	106
suggested	verb	105
station	noun	105
season	noun	105
rhode	noun	105
reach	verb	105
professional	adj	105
married	verb	105
interested	verb	105
health	noun	105
drive	noun	105
b	noun	105
spent	verb	104
role	noun	104
played	verb	104
eight	det	104
despite	prep	104
current	adj	104
covered	verb	104
becomes	verb	104
attack	noun	104
unit	noun	103
teeth	noun	103
studies	noun	103
reasons	noun	103
race	noun	103
original	adj	103
mouth	noun	103
machine	noun	103
exactly	adv	103
date	noun	103
council	noun	103
corps	noun	103
commission	noun	103
built	verb	103
supply	noun	102
rise	noun	102
relations	noun	102
related	verb	102
rates	noun	102
prepared	verb	102
news	noun	102
demand	noun	102
unless	conj	101
trees	noun	101
sunday	noun	101
standing	verb	101
raised	verb	101
playing	verb	101
officer	noun	101
james	noun	101
events	noun	101
dropped	verb	101
director	noun	101
bit	noun	101
walk	verb	100
thomas	noun	100
talking	verb	100
sides	noun	100
places	noun	100
meant	verb	100
facilities	noun	100
energy	noun	100
doctor	noun	100
clay	noun	100
techniques	noun	99
poet	noun	99
knows	verb	99
june	noun	99
jazz	noun	99
glass	noun	99
gas	noun	99
filled	verb	99
actual	adj	99
style	noun	98
share	noun	98
popular	adj	98
mass	noun	98
institutions	noun	98
happy	adj	98
fight	noun	98
concern	noun	98
claim	noun	98
chicago	noun	98
caught	verb	98
bridge	noun	98
thousand	det	97
suppose	verb	97
status	noun	97
radiation	noun	97
materials	noun	97
included	verb	97
heat	noun	97
follow	verb	97
entered	verb	97
dollars	noun	97
communist	noun	97
cattle	noun	97
usual	adj	96
sitting	verb	96
primary	adj	96
opinion	noun	96
giving	verb	96
film	noun	96
considerable	adj	96
conference	noun	96
churches	noun	96
charles	noun	96
books	noun	96
behavior	noun	96
accepted	verb	96
successful	adj	95
sea	noun	95
proper	adj	95
oil	noun	95
marriage	noun	95
funds	noun	95
christ	noun	95
changed	verb	95
attempt	noun	95
worth	adj	94
wait	verb	94
tradition	noun	94
source	noun	94
sir	noun	94
sign	noun	94
shows	verb	94
practice	noun	94
park	noun	94
highly	adv	94
discussion	noun	94
construction	noun	94
arm	noun	94
success	noun	93
remain	verb	93
project	noun	93
older	adj	93
lord	noun	93
authority	noun	93
annual	adj	93
americans	noun	93
thin	adj	92
principal	adj	92
pieces	noun	92
obvious	adj	92
leadership	noun	92
jack	noun	92
fell	verb	92
weight	noun	91
structure	noun	91
security	noun	91
records	noun	91
parents	noun	91
objective	noun	91
mike	noun	91
measure	noun	91
management	noun	91
frequently	adv	91
entirely	adv	91
dinner	noun	91
condition	noun	91
complex	adj	91
civil	adj	91
base	noun	91
purposes	noun	90
produced	verb	90
noted	verb	90
next	adv	90
kitchen	noun	90
equal	adj	90
dance	noun	90
corporation	noun	90
caused	verb	90
balance	noun	90
regard	noun	89
quickly	adv	89
published	verb	89
pass	verb	89
names	noun	89
london	noun	89
goes	verb	89
famous	adj	89
failure	noun	89
develop	verb	89
clothes	noun	89
sources	noun	88
relationship	noun	88
poetry	noun	88
pain	noun	88
moreover	adv	88
manager	noun	88
leaving	verb	88
laws	noun	88
king	noun	88
key	noun	88
greatest	adj	88
enemy	noun	88
cover	verb	88
check	verb	88
carry	verb	88
break	verb	88
bottom	noun	88
announced	verb	88
add	verb	88
active	adj	88
units	noun	87
touch	noun	87
spoke	verb	87
product	noun	87
possibility	noun	87
operating	verb	87
mary	noun	87
fixed	verb	87
finished	verb	87
facts	noun	87
companies	noun	87
carefully	adv	87
bright	adj	87
battle	noun	87
assistance	noun	87
workers	noun	86
takes	verb	86
significant	adj	86
seeing	verb	86
scientific	adj	86
rose	verb	86
require	verb	86
philosophy	noun	86
patient	noun	86
otherwise	adv	86
loss	noun	86
inches	noun	86
financial	adj	86
died	verb	86
citizens	noun	86
build	verb	86
allowed	verb	86
variety	noun	85
stations	noun	85
stated	verb	85
shape	noun	85
rules	noun	85
relatively	adv	85
musical	adj	85
marked	verb	85
german	adj	85
distribution	noun	85
concept	noun	85
classes	noun	85
captain	noun	85
capital	noun	85
strange	adj	84
sex	noun	84
reports	noun	84
remains	verb	84
proposed	verb	84
post	noun	84
operations	noun	84
named	verb	84
learn	verb	84
impossible	adj	84
collection	noun	84
circumstances	noun	84
catholic	adj	84
broad	adj	84
begin	verb	84
aware	adj	84
appears	verb	84
affairs	noun	84
yesterday	noun	83
winter	noun	83
team	noun	83
spread	verb	83
speed	noun	83
slightly	adv	83
sight	noun	83
ship	noun	83
robert	noun	83
requirements	noun	83
remembered	verb	83
regular	adj	83
prevent	verb	83
opening	verb	83
officers	noun	83
offered	verb	83
mark	noun	83
interests	noun	83
houses	noun	83
henry	noun	83
governor	noun	83
capacity	noun	83
bank	noun	83
youth	noun	82
train	noun	82
produce	verb	82
presented	verb	82
poems	noun	82
interesting	adj	82
instance	noun	82
fresh	adj	82
drink	noun	82
bar	noun	82
watched	verb	81
watch	verb	81
trip	noun	81
subjects	noun	81
provides	verb	81
opposite	adj	81
nine	det	81
neck	noun	81
lives	noun	81
index	noun	81
immediate	adj	81
hell	noun	81
germany	noun	81
forced	verb	81
file	noun	81
event	noun	81
essential	adj	81
crisis	noun	81
created	verb	81
cells	noun	81
campaign	noun	81
apartment	noun	81
agreed	verb	81
twenty	det	80
teacher	noun	80
session	noun	80
russian	adj	80
recognized	verb	80
providence	noun	80
offer	verb	80
lady	noun	80
indicate	verb	80
gray	adj	80
fully	adv	80
features	noun	80
explained	verb	80
term	noun	79
studied	verb	79
separate	adj	79
sam	noun	79
reduced	verb	79
reality	noun	79
procedure	noun	79
mentioned	verb	79
maximum	adj	79
expression	noun	79
economy	noun	79
differences	noun	79
desire	noun	79
atmosphere	noun	79
traditional	adj	78
tone	noun	78
smaller	adj	78
secret	adj	78
previous	adj	78
picked	verb	78
mission	noun	78
looks	verb	78
literary	adj	78
favor	noun	78
fast	adv	78
fair	adj	78
enter	verb	78
edge	noun	78
coffee	noun	78
beside	prep	78
vocational	adj	77
title	noun	77
t	noun	77
solid	adj	77
rights	noun	77
response	noun	77
permit	verb	77
model	noun	77
laid	verb	77
judge	noun	77
follows	verb	77
election	noun	77
editor	noun	77
believed	verb	77
anode	noun	77
address	noun	77
watching	verb	76
telephone	noun	76
region	noun	76
receive	verb	76
quiet	adj	76
presence	noun	76
p	noun	76
nice	adj	76
memory	noun	76
knife	noun	76
hearing	noun	76
formed	verb	76
difficulty	noun	76
buildings	noun	76
bottle	noun	76
vote	noun	75
virginia	noun	75
turning	verb	75
treated	verb	75
stayed	verb	75
round	adj	75
rock	noun	75
removed	verb	75
planned	verb	75
official	adj	75
murder	noun	75
killed	verb	75
junior	adj	75
france	noun	75
fit	verb	75
expressed	verb	75
dog	noun	75
camp	noun	75
twice	adv	74
store	noun	74
standards	noun	74
send	verb	74
selected	verb	74
rich	adj	74
positive	adj	74
pointed	verb	74
personnel	noun	74
observed	verb	74
november	noun	74
leader	noun	74
jewish	adj	74
interior	noun	74
increasing	verb	74
gain	noun	74
frame	noun	74
fourth	det	74
failed	verb	74
faculty	noun	74
contrast	noun	74
claims	noun	74
berlin	noun	74
ability	noun	74
writers	noun	73
writer	noun	73
valley	noun	73
rule	noun	73
pulled	verb	73
powers	noun	73
nevertheless	adv	73
membership	noun	73
louis	noun	73
individuals	noun	73
discovered	verb	73
chapter	noun	73
brother	noun	73
brief	adj	73
advantage	noun	73
wine	noun	72
wants	verb	72
village	noun	72
upper	adj	72
somehow	adv	72
sharp	adj	72
russia	noun	72
resources	noun	72
plus	conj	72
platform	noun	72
phase	noun	72
ordinary	adj	72
morgan	noun	72
master	noun	72
legal	adj	72
jones	noun	72
items	noun	72
increases	noun	72
hill	noun	72
fighting	verb	72
fields	noun	72
familiar	adj	72
faces	noun	72
evil	adj	72
detail	noun	72
daughter	noun	72
command	noun	72
broke	verb	72
boat	noun	72
assumed	verb	72
allow	verb	72
accept	verb	72
universe	noun	71
unity	noun	71
smiled	verb	71
richard	noun	71
responsible	adj	71
proved	verb	71
principles	noun	71
mercer	noun	71
historical	adj	71
forth	adv	71
factor	noun	71
constant	adj	71
compared	verb	71
column	noun	71
chosen	verb	71
carrying	verb	71
beauty	noun	71
april	noun	71
approximately	adv	71
walls	noun	70
waited	verb	70
song	noun	70
shelter	noun	70
sections	noun	70
san	noun	70
rome	noun	70
revolution	noun	70
rain	noun	70
naturally	adv	70
independent	adj	70
independence	noun	70
foot	noun	70
exchange	noun	70
educational	adj	70
dust	noun	70
drawn	verb	70
dogs	noun	70
danger	noun	70
communism	noun	70
buy	verb	70
box	noun	70
aircraft	noun	70
willing	adj	69
weather	noun	69
texas	noun	69
teachers	noun	69
sweet	adj	69
settled	verb	69
seek	verb	69
realized	verb	69
realize	verb	69
politics	noun	69
ordered	verb	69
lips	noun	69
liberal	adj	69
levels	noun	69
league	noun	69
fashion	noun	69
connection	noun	69
completed	verb	69
clean	adj	69
china	noun	69
calls	verb	69
ancient	adj	69
won	verb	68
traffic	noun	68
statements	noun	68
starting	verb	68
stands	verb	68
signs	noun	68
quick	adj	68
protection	noun	68
projects	noun	68
practical	adj	68
policies	noun	68
pictures	noun	68
ought	verb	68
monday	noun	68
minimum	adj	68
leading	verb	68
largely	adv	68
khrushchev	noun	68
initial	adj	68
horses	noun	68
frank	noun	68
flow	noun	68
fifty	det	68
families	noun	68
excellent	adj	68
emotional	adj	68
electronic	adj	68
electric	adj	68
dry	adj	68
drew	verb	68
directed	verb	68
characteristic	adj	68
beat	verb	68
article	noun	68
appropriate	adj	68
application	noun	68
animal	noun	68
actions	noun	68
yourself	pron	67
wonder	verb	67
warm	adj	67
thick	adj	67
teaching	verb	67
saturday	noun	67
reference	noun	67
potential	adj	67
paris	noun	67
occurred	verb	67
legs	noun	67
jury	noun	67
impact	noun	67
flat	adj	67
estimated	verb	67
ends	noun	67
dress	noun	67
communication	noun	67
chairman	noun	67
career	noun	67
background	noun	67
asking	verb	67
aside	adv	67
answered	verb	67
substantial	adj	66
sit	verb	66
significance	noun	66
search	noun	66
score	noun	66
relief	noun	66
properties	noun	66
plays	verb	66
page	noun	66
ourselves	pron	66
measured	verb	66
july	noun	66
issues	noun	66
intellectual	adj	66
honor	noun	66
helped	verb	66
hanover	noun	66
gross	noun	66
gets	verb	66
forest	noun	66
fingers	noun	66
experiments	noun	66
employees	noun	66
declared	verb	66
cutting	verb	66
closely	adv	66
chair	noun	66
capable	adj	66
block	noun	66
birth	noun	66
besides	adv	66
arts	noun	66
adequate	adj	66
wore	verb	65
typical	adj	65
supposed	verb	65
sleep	noun	65
rapidly	adv	65
phil	noun	65
passing	verb	65
objects	noun	65
object	noun	65
newspaper	noun	65
join	verb	65
jobs	noun	65
imagination	noun	65
hung	verb	65
holding	verb	65
headquarters	noun	65
escape	verb	65
dominant	adj	65
discussed	verb	65
die	verb	65
desk	noun	65
cell	noun	65
california	noun	65
attorney	noun	65
achievement	noun	65
yards	noun	64
towards	prep	64
spiritual	adj	64
site	noun	64
resolution	noun	64
reasonable	adj	64
primarily	adv	64
message	noun	64
matters	noun	64
maintenance	noun	64
located	verb	64
laos	noun	64
grew	verb	64
explain	verb	64
empty	adj	64
dream	noun	64
credit	noun	64
contemporary	adj	64
bodies	noun	64
belief	noun	64
aspects	noun	64
wind	noun	63
unusual	adj	63
tomorrow	noun	63
tom	noun	63
sufficient	adj	63
signal	noun	63
shop	noun	63
rifle	noun	63
relation	noun	63
powerful	adj	63
parker	noun	63
narrow	adj	63
location	noun	63
last	adv	63
kill	verb	63
highest	adj	63
happen	verb	63
grow	verb	63
fellow	noun	63
experiment	noun	63
dramatic	adj	63
domestic	adj	63
contact	noun	63
competition	noun	63
broken	verb	63
benefit	noun	63
assume	verb	63
argument	noun	63
appeal	noun	63
wilson	noun	62
struggle	noun	62
speaking	verb	62
sets	noun	62
senate	noun	62
save	verb	62
rising	verb	62
reduce	verb	62
recognize	verb	62
portion	noun	62
pleasure	noun	62
officials	noun	62
library	noun	62
internal	adj	62
homes	noun	62
guests	noun	62
greatly	adv	62
fund	noun	62
extreme	adj	62
equally	adv	62
drove	verb	62
december	noun	62
cool	adj	62
concerning	prep	62
careful	adj	62
billion	det	62
baby	noun	62
assignment	noun	62
arrived	verb	62
agencies	noun	62
achieved	verb	62
weapons	noun	61
victory	noun	61
vast	adj	61
travel	noun	61
tests	noun	61
speech	noun	61
soft	adj	61
showing	verb	61
shoulder	noun	61
shore	noun	61
procedures	noun	61
prices	noun	61
possibly	adv	61
organizations	noun	61
minister	noun	61
metal	noun	61
kid	noun	61
imagine	verb	61
ideal	adj	61
greek	adj	61
governments	noun	61
friendly	adj	61
feelings	noun	61
european	adj	61
eat	verb	61
duty	noun	61
du	noun	61
courses	noun	61
continuing	verb	61
commercial	adj	61
coast	noun	61
closer	adv	61
boston	noun	61
beach	noun	61
associated	verb	61
acting	verb	61
text	noun	60
technique	noun	60
task	noun	60
streets	noun	60
stared	verb	60
somewhere	adv	60
slow	adj	60
setting	verb	60
refused	verb	60
orchestra	noun	60
onto	prep	60
nose	noun	60
moon	noun	60
maintain	verb	60
machinery	noun	60
learning	verb	60
keeping	verb	60
heavily	adv	60
goal	noun	60
garden	noun	60
friday	noun	60
fat	adj	60
existing	verb	60
ended	verb	60
contract	noun	60
contained	verb	60
circle	noun	60
chemical	noun	60
armed	verb	60
uses	verb	59
ultimate	adj	59
tree	noun	59
thirty	det	59
tension	noun	59
taste	noun	59
struck	verb	59
stories	noun	59
songs	noun	59
solution	noun	59
snow	noun	59
sexual	adj	59
sensitive	adj	59
scale	noun	59
roof	noun	59
repeated	verb	59
providing	verb	59
plants	noun	59
parties	noun	59
painting	verb	59
novel	noun	59
notice	noun	59
negroes	noun	59
mine	pron	59
lie	verb	59
judgment	noun	59
housing	noun	59
headed	verb	59
formula	noun	59
finds	verb	59
exist	verb	59
drop	verb	59
conclusion	noun	59
budget	noun	59
bible	noun	59
advance	noun	59
wondered	verb	58
useful	adj	58
unique	adj	58
understood	verb	58
tuesday	noun	58
talked	verb	58
surprised	verb	58
stone	noun	58
smile	noun	58
sky	noun	58
safe	adj	58
roman	adj	58
roads	noun	58
remove	verb	58
railroad	noun	58
previously	adv	58
perfect	adj	58
pale	adj	58
orders	noun	58
occasion	noun	58
minor	adj	58
lose	verb	58
liked	verb	58
leg	noun	58
jesus	noun	58
india	noun	58
hole	noun	58
hence	adv	58
grounds	noun	58
fairly	adv	58
exercise	noun	58
establish	verb	58
emphasis	noun	58
dallas	noun	58
culture	noun	58
critical	adj	58
commerce	noun	58
causes	noun	58
busy	adj	58
avoid	verb	58
animals	noun	58
uncle	noun	57
truly	adv	57
truck	noun	57
spot	noun	57
shook	verb	57
sample	noun	57
requires	verb	57
replied	verb	57
professor	noun	57
processes	noun	57
permitted	verb	57
notes	noun	57
neighborhood	noun	57
majority	noun	57
lewis	noun	57
informed	verb	57
goods	noun	57
flowers	noun	57
entrance	noun	57
enjoyed	verb	57
dictionary	noun	57
details	noun	57
congo	noun	57
completion	noun	57
combination	noun	57
charged	verb	57
birds	noun	57
beneath	prep	57
becoming	verb	57
bear	verb	57
bay	noun	57
baseball	noun	57
artist	noun	57
appearance	noun	57
apparent	adj	57
apart	adv	57
alive	adj	57
afraid	adj	57
wild	adj	56
wheel	noun	56
wage	noun	56
vital	adj	56
vision	noun	56
spite	noun	56
soldiers	noun	56
september	noun	56
review	noun	56
represented	verb	56
regarded	verb	56
pure	adj	56
palmer	noun	56
organized	verb	56
motor	noun	56
minds	noun	56
loved	verb	56
joined	verb	56
intensity	noun	56
hat	noun	56
guess	verb	56
granted	verb	56
fifteen	det	56
evident	adj	56
entitled	verb	56
draw	verb	56
double	adj	56
confidence	noun	56
chinese	adj	56
bought	verb	56
apply	verb	56
agency	noun	56
academic	adj	56
yellow	adj	55
worry	verb	55
wood	noun	55
wished	verb	55
win	verb	55
wagon	noun	55
theme	noun	55
tall	adj	55
sounds	noun	55
sought	verb	55
runs	noun	55
rooms	noun	55
publication	noun	55
properly	adv	55
pick	verb	55
motion	noun	55
minute	noun	55
martin	noun	55
marine	noun	55
joseph	noun	55
joe	noun	55
item	noun	55
inner	adj	55
improved	verb	55
identity	noun	55
huge	adj	55
generation	noun	55
fort	noun	55
firms	noun	55
extended	verb	55
executive	noun	55
divided	verb	55
device	noun	55
demands	noun	55
de	noun	55
cultural	adj	55
cross	noun	55
conducted	verb	55
conduct	noun	55
components	noun	55
britain	noun	55
begins	verb	55
artists	noun	55
walking	verb	54
unable	adj	54
trained	verb	54
thoughts	noun	54
symbol	noun	54
supported	verb	54
suggest	verb	54
soil	noun	54
smith	noun	54
seat	noun	54
rural	adj	54
risk	noun	54
republican	noun	54
putting	verb	54
preparation	noun	54
positions	noun	54
plenty	noun	54
phone	noun	54
measurements	noun	54
machines	noun	54
lake	noun	54
jews	noun	54
interpretation	noun	54
games	noun	54
forget	verb	54
faced	verb	54
description	noun	54
decisions	noun	54
create	verb	54
attend	verb	54
wonderful	adj	53
windows	noun	53
wet	adj	53
welfare	noun	53
version	noun	53
vehicles	noun	53
troops	noun	53
spend	verb	53
slight	adj	53
sin	noun	53
remarks	noun	53
pushed	verb	53
prove	verb	53
practices	noun	53
practically	adv	53
percent	noun	53
payment	noun	53
negative	adj	53
loose	adj	53
largest	adj	53
japanese	adj	53
january	noun	53
hudson	noun	53
handle	verb	53
grass	noun	53
finding	verb	53
experiences	noun	53
experienced	verb	53
examples	noun	53
driving	verb	53
disease	noun	53
depth	noun	53
dear	adj	53
crowd	noun	53
content	noun	53
chest	noun	53
breath	noun	53
breakfast	noun	53
bitter	adj	53
band	noun	53
august	noun	53
assigned	verb	53
advanced	verb	53
administrative	adj	53
absence	noun	53
widely	adv	52
trust	noun	52
theater	noun	52
telling	verb	52
silence	noun	52
raise	verb	52
introduced	verb	52
indian	adj	52
hero	noun	52
gold	noun	52
flesh	noun	52
eventually	adv	52
establishment	noun	52
element	noun	52
dozen	noun	52
developing	verb	52
detective	noun	52
detailed	verb	52
correct	adj	52
contrary	adj	52
conflict	noun	52
colors	noun	52
characteristics	noun	52
centers	noun	52
bedroom	noun	52
alfred	noun	52
advice	noun	52
waves	noun	51
warren	noun	51
views	noun	51
uniform	adj	51
throat	noun	51
surprise	noun	51
supreme	adj	51
stream	noun	51
stages	noun	51
situations	noun	51
sick	adj	51
shoulders	noun	51
rear	adj	51
pull	verb	51
protestant	adj	51
player	noun	51
papers	noun	51
opportunities	noun	51
october	noun	51
nodded	verb	51
necessarily	adv	51
los	noun	51
listen	verb	51
laughed	verb	51
investigation	noun	51
guy	noun	51
gradually	adv	51
foods	noun	51
estate	noun	51
elections	noun	51
easier	adj	51
devoted	verb	51
david	noun	51
cousin	noun	51
conventional	adj	51
boats	noun	51
begun	verb	51
arthur	noun	51
approval	noun	51
angle	noun	51
agree	verb	51
ages	noun	51
achieve	verb	51
abroad	adv	51
worse	adj	50
wooden	adj	50
towns	noun	50
tiny	adj	50
television	noun	50
taught	verb	50
strike	noun	50
proud	adj	50
philadelphia	noun	50
pair	noun	50
noticed	verb	50
motors	noun	50
moments	noun	50
mention	verb	50
massachusetts	noun	50
latin	adj	50
knowing	verb	50
issued	verb	50
institute	noun	50
hills	noun	50
fundamental	adj	50
fill	verb	50
female	noun	50
extremely	adv	50
extra	adj	50
expense	noun	50
engine	noun	50
eisenhower	noun	50
efficiency	noun	50
desired	verb	50
d	noun	50
courts	noun	50
convinced	verb	50
conviction	noun	50
conversation	noun	50
choose	verb	50
childhood	noun	50
chain	noun	50
brilliant	adj	50
automobile	noun	50
assembly	noun	50
advertising	verb	50
tragedy	noun	49
till	conj	49
tendency	noun	49
sports	noun	49
speaker	noun	49
silent	adj	49
ride	verb	49
request	noun	49
quietly	adv	49
payments	noun	49
passage	noun	49
partly	adv	49
operator	noun	49
millions	noun	49
milk	noun	49
measures	noun	49
leaves	verb	49
incident	noun	49
impressive	adj	49
hopes	noun	49
holy	adj	49
firmly	adv	49
employed	verb	49
driver	noun	49
depends	verb	49
creative	adj	49
count	verb	49
constitution	noun	49
consideration	noun	49
burning	verb	49
acceptance	noun	49
twelve	det	48
tired	verb	48
swung	verb	48
suit	noun	48
sorry	adj	48
shooting	verb	48
screen	noun	48
royal	adj	48
rolled	verb	48
precisely	adv	48
poem	noun	48
plain	adj	48
pink	adj	48
personality	noun	48
operate	verb	48
occasionally	adv	48
missile	noun	48
mile	noun	48
mantle	noun	48
maintained	verb	48
liquid	noun	48
limit	noun	48
intelligence	noun	48
integration	noun	48
hoped	verb	48
hearst	noun	48
guard	noun	48
functions	noun	48
formal	adj	48
drinking	verb	48
destroy	verb	48
cry	noun	48
concrete	noun	48
comparison	noun	48
charlie	noun	48
attitudes	noun	48
anger	noun	48
welcome	adj	47
wearing	verb	47
via	noun	47
vacation	noun	47
unknown	adj	47
thousands	noun	47
testimony	noun	47
surely	adv	47
supplies	noun	47
stairs	noun	47
soul	noun	47
sold	verb	47
skin	noun	47
singing	verb	47
safety	noun	47
ring	noun	47
resistance	noun	47
representative	noun	47
remarkable	adj	47
purchase	noun	47
provision	noun	47
prior	adv	47
please	verb	47
periods	noun	47
patterns	noun	47
numerous	adj	47
northern	adj	47
movements	noun	47
moscow	noun	47
models	noun	47
mere	adj	47
manufacturers	noun	47
mail	noun	47
luck	noun	47
lincoln	noun	47
lights	noun	47
italian	adj	47
instrument	noun	47
humor	noun	47
honest	adj	47
grant	noun	47
fears	noun	47
expenses	noun	47
expansion	noun	47
everywhere	adv	47
essentially	adv	47
engaged	verb	47
employment	noun	47
deny	verb	47
denied	verb	47
cuba	noun	47
cook	noun	47
considering	verb	47
congregation	noun	47
concentration	noun	47
bonds	noun	47
boards	noun	47
blind	adj	47
bills	noun	47
aspect	noun	47
angeles	noun	47
wright	noun	46
weakness	noun	46
wave	noun	46
violence	noun	46
trend	noun	46
threw	verb	46
superior	adj	46
shut	verb	46
shares	noun	46
seriously	adv	46
salt	noun	46
relative	adj	46
recommended	verb	46
q	noun	46
precision	noun	46
pocket	noun	46
percentage	noun	46
panels	noun	46
opposition	noun	46
opera	noun	46
native	adj	46
losses	noun	46
loan	noun	46
liberty	noun	46
legislation	noun	46
insurance	noun	46
identified	verb	46
georgia	noun	46
fought	verb	46
flight	noun	46
fiction	noun	46
equivalent	adj	46
engineering	verb	46
encourage	verb	46
electrical	adj	46
dollar	noun	46
doctrine	noun	46
difficulties	noun	46
decade	noun	46
dangerous	adj	46
curious	adj	46
creation	noun	46
conscious	adj	46
chamber	noun	46
centuries	noun	46
bond	noun	46
award	noun	46
avenue	noun	46
author	noun	46
atomic	adj	46
artery	noun	46
anyway	adv	46
watson	noun	45
valuable	adj	45
universal	adj	45
taxes	noun	45
target	noun	45
sum	noun	45
steel	noun	45
sheet	noun	45
riding	verb	45
residential	adj	45
referred	verb	45
qualities	noun	45
promised	verb	45
promise	noun	45
prime	adj	45
pennsylvania	noun	45
offices	noun	45
offers	verb	45
nearby	adj	45
mounted	verb	45
mold	noun	45
medium	noun	45
meat	noun	45
lucy	noun	45
load	noun	45
interference	noun	45
intended	verb	45
includes	verb	45
impression	noun	45
ice	noun	45
grand	adj	45
feels	verb	45
february	noun	45
elsewhere	adv	45
edward	noun	45
discovery	noun	45
diameter	noun	45
depend	verb	45
curve	noun	45
cup	noun	45
containing	verb	45
contain	verb	45
charges	noun	45
cast	noun	45
calling	verb	45
brain	noun	45
approached	verb	45
angry	adj	45
alexander	noun	45
africa	noun	45
adopted	verb	45
younger	adj	44
wisdom	noun	44
washing	verb	44
warning	verb	44
volumes	noun	44
terrible	adj	44
tables	noun	44
suffering	verb	44
spirits	noun	44
snake	noun	44
slaves	noun	44
shoes	noun	44
seeking	verb	44
sale	noun	44
recognition	noun	44
pounds	noun	44
pilot	noun	44
path	noun	44
oxygen	noun	44
origin	noun	44
opinions	noun	44
odd	adj	44
mostly	adv	44
mobile	adj	44
manchester	noun	44
mama	noun	44
lovely	adj	44
listed	verb	44
lies	verb	44
hundreds	noun	44
helping	verb	44
hans	noun	44
fun	noun	44
fired	verb	44
extensive	adj	44
expensive	adj	44
expenditures	noun	44
errors	noun	44
enjoy	verb	44
driven	verb	44
developments	noun	44
contribute	verb	44
continuous	adj	44
considerably	adv	44
confusion	noun	44
confused	verb	44
collected	verb	44
climbed	verb	44
changing	verb	44
burden	noun	44
brush	noun	44
asia	noun	44
arranged	verb	44
answers	noun	44
amounts	noun	44
agent	noun	44
admitted	verb	44
adam	noun	44
acres	noun	44
accomplished	verb	44
whenever	adv	43
warfare	noun	43
transportation	noun	43
thickness	noun	43
tend	verb	43
technology	noun	43
switch	noun	43
ships	noun	43
separated	verb	43
saved	verb	43
salary	noun	43
resulting	verb	43
republic	noun	43
recreation	noun	43
recorded	verb	43
readily	adv	43
reader	noun	43
reaching	verb	43
raw	adj	43
rapid	adj	43
porch	noun	43
pace	noun	43
occur	verb	43
mountains	noun	43
mental	adj	43
marketing	verb	43
liquor	noun	43
lifted	verb	43
lawyer	noun	43
iron	noun	43
investment	noun	43
insisted	verb	43
identification	noun	43
heaven	noun	43
heads	noun	43
grown	verb	43
flying	verb	43
external	adj	43
explanation	noun	43
environment	noun	43
emotions	noun	43
drama	noun	43
dirt	noun	43
dealing	verb	43
darkness	noun	43
dancing	verb	43
core	noun	43
consists	verb	43
concerns	noun	43
comfort	noun	43
coat	noun	43
cloth	noun	43
catch	verb	43
believes	verb	43
wire	noun	42
weapon	noun	42
waters	noun	42
wages	noun	42
varying	verb	42
varied	verb	42
urban	adj	42
unlike	prep	42
touched	verb	42
throw	verb	42
threat	noun	42
sufficiently	adv	42
suffered	verb	42
smooth	adj	42
skill	noun	42
seeds	noun	42
reply	noun	42
replaced	verb	42
regional	adj	42
reflected	verb	42
reduction	noun	42
reactions	noun	42
rachel	noun	42
prison	noun	42
pride	noun	42
possibilities	noun	42
particles	noun	42
obtain	verb	42
nineteenth	det	42
muscle	noun	42
lots	noun	42
linda	noun	42
journal	noun	42
increasingly	adv	42
holds	verb	42
hate	verb	42
hardy	noun	42
guns	noun	42
golden	adj	42
express	verb	42
exists	verb	42
excess	noun	42
engineer	noun	42
editorial	noun	42
ease	noun	42
distinguished	verb	42
distinct	adj	42
demanded	verb	42
crossed	verb	42
cooling	verb	42
comment	noun	42
civilization	noun	42
bureau	noun	42
bound	verb	42
bag	noun	42
appointed	verb	42
anxiety	noun	42
anne	noun	42
adams	noun	42
writes	verb	41
whereas	conj	41
visited	verb	41
virtually	adv	41
vice	noun	41
tissue	noun	41
teach	verb	41
storage	noun	41
steady	adj	41
spending	verb	41
societies	noun	41
smoke	noun	41
shift	noun	41
sell	verb	41
seed	noun	41
rough	adj	41
restaurant	noun	41
representatives	noun	41
removal	noun	41
remaining	verb	41
rarely	adv	41
rare	adj	41
queen	noun	41
psychological	adj	41
proposal	noun	41
pleased	verb	41
pike	noun	41
participation	noun	41
opposed	verb	41
musicians	noun	41
match	verb	41
limits	noun	41
kate	noun	41
involves	verb	41
institution	noun	41
henrietta	noun	41
funny	adj	41
francisco	noun	41
fed	verb	41
favorite	adj	41
downtown	noun	41
distinction	noun	41
display	noun	41
describe	verb	41
continues	verb	41
constantly	adv	41
comparable	adj	41
communities	noun	41
carl	noun	41
brothers	noun	41
bread	noun	41
ballet	noun	41
assumption	noun	41
winston	noun	40
walter	noun	40
visual	adj	40
treasury	noun	40
tour	noun	40
tool	noun	40
thrown	verb	40
thoroughly	adv	40
talent	noun	40
studying	verb	40
stranger	noun	40
stepped	verb	40
shouted	verb	40
shear	noun	40
shared	verb	40
senator	noun	40
rode	verb	40
regions	noun	40
regarding	prep	40
proof	noun	40
prominent	adj	40
presumably	adv	40
pope	noun	40
personally	adv	40
permanent	adj	40
parallel	adj	40
papa	noun	40
painted	verb	40
orleans	noun	40
observations	noun	40
notion	noun	40
neighbors	noun	40
necessity	noun	40
missed	verb	40
legislative	adj	40
languages	noun	40
laboratory	noun	40
joy	noun	40
intense	adj	40
indicates	verb	40
improvement	noun	40
illinois	noun	40
highway	noun	40
happens	verb	40
handsome	adj	40
guidance	noun	40
grace	noun	40
goals	noun	40
glance	noun	40
focus	noun	40
finger	noun	40
existed	verb	40
exception	noun	40
eleven	det	40
e	noun	40
drawing	verb	40
discover	verb	40
desegregation	noun	40
dependent	adj	40
democrats	noun	40
decide	verb	40
dean	noun	40
customers	noun	40
criticism	noun	40
conscience	noun	40
composed	verb	40
combined	verb	40
burned	verb	40
brings	verb	40
bob	noun	40
bars	noun	40
automatic	adj	40
atoms	noun	40
atlantic	adj	40
arc	noun	40
approved	verb	40
afford	verb	40
tv	noun	39
trials	noun	39
transfer	noun	39
striking	adj	39
stick	noun	39
soldier	noun	39
sleeping	verb	39
severe	adj	39
self	noun	39
selection	noun	39
satisfactory	adj	39
route	noun	39
revealed	verb	39
represents	verb	39
recall	verb	39
rayburn	noun	39
provisions	noun	39
objectives	noun	39
neutral	adj	39
mystery	noun	39
mississippi	noun	39
maturity	noun	39
mankind	noun	39
magazine	noun	39
mad	adj	39
listening	verb	39
legislature	noun	39
lawrence	noun	39
joint	adj	39
introduction	noun	39
inch	noun	39
improve	verb	39
hydrogen	noun	39
holes	noun	39
guest	noun	39
gained	verb	39
furthermore	adv	39
furniture	noun	39
forever	adv	39
finish	verb	39
estimate	noun	39
emergency	noun	39
determination	noun	39
destroyed	verb	39
derived	verb	39
defined	verb	39
deeply	adv	39
cooperation	noun	39
controlled	verb	39
contributed	verb	39
concert	noun	39
communists	noun	39
comedy	noun	39
colleges	noun	39
code	noun	39
authorities	noun	39
attractive	adj	39
assured	verb	39
anywhere	adv	39
allotment	noun	39
agents	noun	39
acts	noun	39
voices	noun	38
turns	verb	38
track	noun	38
tonight	noun	38
thyroid	noun	38
thompson	noun	38
temple	noun	38
sudden	adj	38
specifically	adv	38
sister	noun	38
simultaneously	adv	38
sharply	adv	38
serving	verb	38
scheduled	verb	38
sacred	adj	38
robinson	noun	38
represent	verb	38
relationships	noun	38
regardless	adv	38
reception	noun	38
random	adj	38
r	noun	38
processing	verb	38
primitive	adj	38
pressures	noun	38
pleasant	adj	38
piano	noun	38
paul	noun	38
palace	noun	38
organic	adj	38
onset	noun	38
ohio	noun	38
newspapers	noun	38
n	noun	38
mayor	noun	38
leaned	verb	38
knees	noun	38
japan	noun	38
instant	noun	38
inevitably	adv	38
handling	noun	38
handed	verb	38
glad	adj	38
foundation	noun	38
forgotten	verb	38
fifth	det	38
experts	noun	38
experimental	adj	38
ears	noun	38
districts	noun	38
destruction	noun	38
definition	noun	38
cotton	noun	38
corresponding	adj	38
copy	noun	38
contains	verb	38
consumer	noun	38
clouds	noun	38
candidates	noun	38
bringing	verb	38
briefly	adv	38
axis	noun	38
attempts	noun	38
arrangements	noun	38
agricultural	adj	38
accounts	noun	38
tremendous	adj	37
thanks	noun	37
tested	verb	37
swimming	verb	37
susan	noun	37
survey	noun	37
supper	noun	37
strongly	adv	37
stronger	adj	37
stomach	noun	37
staining	noun	37
spoken	verb	37
species	noun	37
skills	noun	37
signed	verb	37
serves	verb	37
roy	noun	37
roberts	noun	37
resulted	verb	37
reserve	noun	37
release	noun	37
readers	noun	37
questionnaire	noun	37
push	verb	37
profession	noun	37
plot	noun	37
paint	verb	37
outstanding	adj	37
occasional	adj	37
noise	noun	37
navy	noun	37
mood	noun	37
mixed	verb	37
male	noun	37
magic	adj	37
innocent	adj	37
images	noun	37
illustrated	verb	37
illusion	noun	37
hurt	verb	37
holmes	noun	37
harbor	noun	37
half	adv	37
gate	noun	37
formation	noun	37
fool	noun	37
foam	noun	37
feature	noun	37
fail	verb	37
enormous	adj	37
effectively	adv	37
edition	noun	37
edges	noun	37
drunk	adj	37
distant	adj	37
devices	noun	37
delivered	verb	37
definite	adj	37
deeper	adj	37
contribution	noun	37
constructed	verb	37
comfortable	adj	37
colonel	noun	37
cleaning	verb	37
chose	verb	37
chicken	noun	37
blocks	noun	37
belong	verb	37
banks	noun	37
authorized	verb	37
atom	noun	37
assure	verb	37
aim	noun	37
admit	verb	37
accompanied	verb	37
worship	noun	36
wise	adj	36
visitors	noun	36
visiting	verb	36
variable	adj	36
tough	adj	36
thank	verb	36
sympathy	noun	36
symbols	noun	36
supplied	verb	36
substantially	adv	36
stored	verb	36
spanish	adj	36
smiling	verb	36
similarly	adv	36
shadow	noun	36
sees	verb	36
scientists	noun	36
scholarship	noun	36
schedule	noun	36
satisfied	verb	36
ratio	noun	36
printed	verb	36
peter	noun	36
peoples	noun	36
patients	noun	36
paintings	noun	36
outlook	noun	36
occupied	verb	36
normally	adv	36
multiple	adj	36
moves	verb	36
maris	noun	36
managed	verb	36
lying	verb	36
license	noun	36
kinds	noun	36
jim	noun	36
jackson	noun	36
intention	noun	36
industries	noun	36
hurry	noun	36
host	noun	36
guide	verb	36
forty	det	36
football	noun	36
filling	verb	36
fellowship	noun	36
f	noun	36
extension	noun	36
error	noun	36
equipped	verb	36
dressed	verb	36
doors	noun	36
dirty	adj	36
desirable	adj	36
crew	noun	36
conclusions	noun	36
columns	noun	36
coating	noun	36
classic	adj	36
characters	noun	36
challenge	noun	36
cash	noun	36
cards	noun	36
camera	noun	36
bomb	noun	36
binomial	adj	36
beings	noun	36
baker	noun	36
automatically	adv	36
attended	verb	36
assistant	noun	36
affected	verb	36
accuracy	noun	36
yield	noun	35
yard	noun	35
worried	verb	35
wednesday	noun	35
wear	verb	35
waste	noun	35
washed	verb	35
virgin	noun	35
vehicle	noun	35
urged	verb	35
tongue	noun	35
tape	noun	35
sympathetic	adj	35
symbolic	adj	35
stores	noun	35
stanley	noun	35
sounded	verb	35
sequence	noun	35
sciences	noun	35
sad	adj	35
row	noun	35
routine	noun	35
revenue	noun	35
returning	verb	35
retired	verb	35
producing	verb	35
probability	noun	35
preserve	verb	35
presently	adv	35
prepare	verb	35
pont	noun	35
phenomenon	noun	35
performed	verb	35
patent	noun	35
pat	noun	35
owners	noun	35
output	noun	35
nationalism	noun	35
myth	noun	35
meets	verb	35
meanwhile	adv	35
matsuo	noun	35
lumber	noun	35
latest	adj	35
knee	noun	35
jumped	verb	35
jane	noun	35
isolated	verb	35
instructions	noun	35
installed	verb	35
height	noun	35
harry	noun	35
grade	noun	35
fruit	noun	35
fish	noun	35
eggs	noun	35
disappeared	verb	35
dignity	noun	35
crime	noun	35
counties	noun	35
context	noun	35
consequences	noun	35
clark	noun	35
claimed	verb	35
calm	adj	35
calculated	verb	35
bombs	noun	35
bench	noun	35
beer	noun	35
atlanta	noun	35
affect	verb	35
adjustment	noun	35
accurate	adj	35
worst	adj	34
visible	adj	34
vary	verb	34
tools	noun	34
tied	verb	34
thereby	adv	34
tends	verb	34
tells	verb	34
tears	noun	34
swept	verb	34
suitable	adj	34
suggestion	noun	34
sugar	noun	34
stretched	verb	34
smell	noun	34
sing	verb	34
shortly	adv	34
sentence	noun	34
senior	adj	34
sending	verb	34
seldom	adv	34
samuel	noun	34
sake	noun	34
roll	verb	34
roles	noun	34
returns	noun	34
reporters	noun	34
receiving	verb	34
reasonably	adv	34
realistic	adj	34
raising	verb	34
quarter	noun	34
protect	verb	34
presidential	adj	34
phrase	noun	34
pencil	noun	34
owned	verb	34
openly	adv	34
ocean	noun	34
net	noun	34
mistake	noun	34
metropolitan	adj	34
mechanical	adj	34
measurement	noun	34
logical	adj	34
lists	noun	34
lee	noun	34
keys	noun	34
johnson	noun	34
italy	noun	34
hunting	verb	34
harvard	noun	34
golf	noun	34
genuine	adj	34
frequent	adj	34
folk	noun	34
findings	noun	34
financing	verb	34
fallen	verb	34
facing	verb	34
exposed	verb	34
emotion	noun	34
dying	verb	34
duties	noun	34
divine	adj	34
dispute	noun	34
decades	noun	34
currently	adv	34
crazy	adj	34
corn	noun	34
clerk	noun	34
candidate	noun	34
canada	noun	34
bus	noun	34
blame	verb	34
bigger	adj	34
bent	verb	34
badly	adv	34
arrangement	noun	34
alternative	noun	34
abstract	adj	34
wash	noun	33
violent	adj	33
unfortunately	adv	33
tragic	adj	33
thursday	noun	33
thermal	adj	33
symphony	noun	33
swift	noun	33
survive	verb	33
suffer	verb	33
succeeded	verb	33
substance	noun	33
strictly	adv	33
stems	noun	33
slavery	noun	33
scheme	noun	33
rice	noun	33
rejected	verb	33
rector	noun	33
quantity	noun	33
prokofieff	noun	33
prince	noun	33
presents	verb	33
presentation	noun	33
precise	adj	33
poland	noun	33
performances	noun	33
pathology	noun	33
parked	verb	33
owner	noun	33
nights	noun	33
naval	adj	33
namely	adv	33
mountain	noun	33
missing	verb	33
matching	verb	33
massive	adj	33
lunch	noun	33
leads	verb	33
jess	noun	33
jacket	noun	33
involving	verb	33
interview	noun	33
inevitable	adj	33
healthy	adj	33
harmony	noun	33
guilt	noun	33
grave	adj	33
gift	noun	33
funeral	noun	33
fly	verb	33
filed	verb	33
favorable	adj	33
fate	noun	33
farmers	noun	33
falling	verb	33
examine	verb	33
equation	noun	33
engineers	noun	33
elected	verb	33
drill	noun	33
determining	verb	33
demonstrated	verb	33
damage	noun	33
connected	verb	33
classical	adj	33
chlorine	noun	33
charter	noun	33
catholics	noun	33
campus	noun	33
burst	verb	33
bride	noun	33
branches	noun	33
branch	noun	33
bone	noun	33
blow	noun	33
benefits	noun	33
attempted	verb	33
artistic	adj	33
andy	noun	33
alert	adj	33
affair	noun	33
advised	verb	33
admission	noun	33
adjusted	verb	33
accident	noun	33
williams	noun	32
wedding	noun	32
weak	adj	32
variation	noun	32
van	noun	32
universities	noun	32
transition	noun	32
testing	noun	32
temporary	adj	32
survival	noun	32
stuff	noun	32
spots	noun	32
slipped	verb	32
skywave	noun	32
shouting	verb	32
scotty	noun	32
salvation	noun	32
romantic	adj	32
remote	adj	32
remarked	verb	32
reflection	noun	32
promote	verb	32
poets	noun	32
plastic	noun	32
partner	noun	32
naked	adj	32
museum	noun	32
mud	noun	32
missiles	noun	32
mills	noun	32
loans	noun	32
lacking	verb	32
kids	noun	32
initiative	noun	32
indians	noun	32
inadequate	adj	32
howard	noun	32
household	noun	32
harold	noun	32
gorton	noun	32
gesture	noun	32
gathered	verb	32
gardens	noun	32
fishing	verb	32
farther	adv	32
falls	verb	32
factory	noun	32
excitement	noun	32
emission	noun	32
electronics	noun	32
elaborate	adj	32
efficient	adj	32
effectiveness	noun	32
eating	verb	32
eastern	adj	32
discussions	noun	32
depending	prep	32
debate	noun	32
curt	noun	32
crowded	verb	32
covers	noun	32
covering	verb	32
courage	noun	32
cooking	verb	32
confronted	verb	32
concluded	verb	32
conception	noun	32
collective	adj	32
coal	noun	32
circles	noun	32
chandler	noun	32
castro	noun	32
awareness	noun	32
winning	verb	31
tube	noun	31
troubled	verb	31
trail	noun	31
tossed	verb	31
territory	noun	31
successfully	adv	31
studio	noun	31
structures	noun	31
strain	noun	31
starts	verb	31
softly	adv	31
shock	noun	31
seventh	det	31
selling	verb	31
secondary	adj	31
saline	noun	31
russians	noun	31
ruled	verb	31
respectively	adv	31
remark	noun	31
reducing	verb	31
recording	verb	31
protected	verb	31
poetic	adj	31
plastics	noun	31
perfectly	adv	31
parking	verb	31
panel	noun	31
pages	noun	31
pacific	adj	31
outer	adj	31
muscles	noun	31
movies	noun	31
mature	adj	31
markets	noun	31
mainly	adv	31
maid	noun	31
locking	verb	31
lightly	adv	31
letting	verb	31
knocked	verb	31
kansas	noun	31
juniors	noun	31
involve	verb	31
invariably	adv	31
identical	adj	31
horn	noun	31
helps	verb	31
heading	noun	31
gently	adv	31
gallery	noun	31
frequencies	noun	31
fourteen	det	31
finance	verb	31
films	noun	31
fallout	noun	31
extraordinary	adj	31
extend	verb	31
evaluation	noun	31
enterprise	noun	31
ending	verb	31
density	noun	31
defeat	noun	31
decline	noun	31
dave	noun	31
dancers	noun	31
dancer	noun	31
counter	noun	31
considerations	noun	31
conservative	adj	31
consequently	adv	31
composer	noun	31
competitive	adj	31
colored	verb	31
christianity	noun	31
checked	verb	31
ceiling	noun	31
bird	noun	31
beef	noun	31
basement	noun	31
barely	adv	31
articles	noun	31
allowing	verb	31
accordingly	adv	31
worker	noun	30
woodruff	noun	30
widespread	adj	30
voting	verb	30
virtue	noun	30
unconscious	adj	30
suspended	verb	30
suspect	verb	30
surprising	adj	30
strip	noun	30
stem	noun	30
stable	adj	30
sponsored	verb	30
split	verb	30
sovereign	adj	30
slave	noun	30
skilled	adj	30
sheets	noun	30
sharpe	noun	30
shakespeare	noun	30
secure	verb	30
sacrifice	noun	30
root	noun	30
reveal	verb	30
representing	verb	30
replace	verb	30
reform	noun	30
ranging	verb	30
radical	adj	30
purely	adv	30
propaganda	noun	30
preceding	verb	30
occurrence	noun	30
nowhere	adv	30
network	noun	30
mixture	noun	30
miriam	noun	30
medicine	noun	30
meal	noun	30
louisiana	noun	30
locked	verb	30
listened	verb	30
lane	noun	30
johnny	noun	30
islands	noun	30
instances	noun	30
impressed	verb	30
hoping	verb	30
historian	noun	30
grinned	verb	30
graduate	noun	30
gay	adj	30
frontier	noun	30
franklin	noun	30
flux	noun	30
fence	noun	30
felix	noun	30
expert	noun	30
excessive	adj	30
era	noun	30
encountered	verb	30
eddie	noun	30
dreams	noun	30
doctors	noun	30
directions	noun	30
dimensions	noun	30
deliberately	adv	30
dealers	noun	30
dates	noun	30
dartmouth	noun	30
cuts	noun	30
crucial	adj	30
cried	verb	30
controls	noun	30
consequence	noun	30
consciousness	noun	30
concentrated	verb	30
complicated	verb	30
comments	noun	30
citizen	noun	30
carbon	noun	30
buying	verb	30
blanket	noun	30
associations	noun	30
asleep	adv	30
altogether	adv	30
allies	noun	30
alex	noun	30
absolute	adj	30
volunteers	noun	29
vigorous	adj	29
utility	noun	29
unions	noun	29
trips	noun	29
transferred	verb	29
threatened	verb	29
testament	noun	29
tea	noun	29
tasks	noun	29
suggests	verb	29
suburban	adj	29
subsequent	adj	29
stars	noun	29
sons	noun	29
solutions	noun	29
silver	noun	29
signals	noun	29
shots	noun	29
shorts	noun	29
sherman	noun	29
shapes	noun	29
sewage	noun	29
scenes	noun	29
samples	noun	29
residence	noun	29
republicans	noun	29
reminded	verb	29
regulations	noun	29
recovery	noun	29
questioned	verb	29
proposals	noun	29
proportion	noun	29
prestige	noun	29
pressed	verb	29
precious	adj	29
poured	verb	29
players	noun	29
petitioner	noun	29
perform	verb	29
perception	noun	29
movie	noun	29
morse	noun	29
morality	noun	29
modest	adj	29
mighty	adj	29
mickey	noun	29
merit	noun	29
measuring	verb	29
magnitude	noun	29
lighted	verb	29
lieutenant	noun	29
lesson	noun	29
jurisdiction	noun	29
jet	noun	29
ignored	verb	29
helpful	adj	29
guilty	adj	29
glasses	noun	29
furnish	verb	29
fees	noun	29
false	adj	29
fabrics	noun	29
extending	verb	29
exciting	adj	29
examination	noun	29
ethical	adj	29
eternal	adj	29
entertainment	noun	29
encouraged	verb	29
electron	noun	29
ecumenical	adj	29
ear	noun	29
drying	verb	29
divorce	noun	29
delight	noun	29
damn	adj	29
creating	verb	29
cow	noun	29
contributions	noun	29
constitute	verb	29
commonly	adv	29
carleton	noun	29
builder	noun	29
brooklyn	noun	29
bronchial	adj	29
brannon	noun	29
belt	noun	29
barn	noun	29
bare	adj	29
argued	verb	29
argue	verb	29
applying	verb	29
apparatus	noun	29
anxious	adj	29
ann	noun	29
allied	verb	29
albert	noun	29
yankees	noun	28
wound	noun	28
worthy	adj	28
witness	noun	28
warmth	noun	28
verse	noun	28
upstairs	adv	28
tons	noun	28
tight	adj	28
theatre	noun	28
textile	noun	28
talents	noun	28
surfaces	noun	28
stained	verb	28
specified	verb	28
sovereignty	noun	28
southeast	adj	28
shade	noun	28
sergeant	noun	28
sensitivity	noun	28
satisfaction	noun	28
santa	noun	28
sang	verb	28
sand	noun	28
roosevelt	noun	28
responses	noun	28
rendered	verb	28
ramey	noun	28
quarters	noun	28
promptly	adv	28
profit	noun	28
prize	noun	28
prayer	noun	28
powder	noun	28
pound	noun	28
pot	noun	28
polynomial	noun	28
peculiar	adj	28
paused	verb	28
passion	noun	28
optimal	adj	28
offering	verb	28
newly	adv	28
municipal	adj	28
mines	noun	28
meetings	noun	28
mechanism	noun	28
marks	noun	28
maintaining	verb	28
losing	verb	28
limitations	noun	28
libraries	noun	28
laughing	verb	28
laugh	noun	28
ladies	noun	28
journey	noun	28
irish	adj	28
innocence	noun	28
humanity	noun	28
hated	verb	28
harris	noun	28
happening	verb	28
hanging	verb	28
hal	noun	28
gentleman	noun	28
gathering	noun	28
freight	noun	28
formerly	adv	28
folklore	noun	28
fled	verb	28
expanding	verb	28
excuse	noun	28
exclusive	adj	28
examined	verb	28
enthusiasm	noun	28
encounter	noun	28
drugs	noun	28
dried	verb	28
discuss	verb	28
diplomatic	adj	28
dining	verb	28
designs	noun	28
demonstrate	verb	28
dawn	noun	28
cure	noun	28
convention	noun	28
consistent	adj	28
compare	verb	28
communications	noun	28
committed	verb	28
commander	noun	28
colony	noun	28
cloud	noun	28
closing	verb	28
clarity	noun	28
calendar	noun	28
bullet	noun	28
arise	verb	28
appointment	noun	28
african	adj	28
advantages	noun	28
absent	adj	28
wings	noun	27
wherever	adv	27
weekend	noun	27
voted	verb	27
victim	noun	27
veteran	noun	27
v	noun	27
utterly	adv	27
upward	adv	27
theological	adj	27
suspicion	noun	27
surrounding	verb	27
surplus	noun	27
supporting	verb	27
slept	verb	27
shopping	verb	27
shoot	verb	27
shirt	noun	27
shayne	noun	27
seconds	noun	27
scope	noun	27
scholars	noun	27
scattered	verb	27
rushed	verb	27
roots	noun	27
restrictions	noun	27
reserved	verb	27
requirement	noun	27
reputation	noun	27
reorganization	noun	27
refer	verb	27
ranch	noun	27
pursuant	prep	27
pulmonary	adj	27
publicly	adv	27
publicity	noun	27
profound	adj	27
prevention	noun	27
prevented	verb	27
prefer	verb	27
placing	verb	27
pistol	noun	27
permits	verb	27
permission	noun	27
passes	verb	27
outdoor	adj	27
ours	pron	27
oral	adj	27
operated	verb	27
occurs	verb	27
observation	noun	27
newport	noun	27
myra	noun	27
mirror	noun	27
minimal	adj	27
marshall	noun	27
marriages	noun	27
magnificent	adj	27
literally	adv	27
julia	noun	27
judgments	noun	27
jefferson	noun	27
insist	verb	27
injury	noun	27
imagined	verb	27
hughes	noun	27
horizon	noun	27
holder	noun	27
greenwich	noun	27
grain	noun	27
germans	noun	27
gentle	adj	27
frozen	verb	27
friendship	noun	27
fred	noun	27
flew	verb	27
fiber	noun	27
festival	noun	27
exact	adj	27
enemies	noun	27
eager	adj	27
dull	adj	27
distributed	verb	27
discipline	noun	27
delicate	adj	27
delaware	noun	27
define	verb	27
davis	noun	27
dan	noun	27
customer	noun	27
consisting	verb	27
concepts	noun	27
conceived	verb	27
clinical	adj	27
clayton	noun	27
christmas	noun	27
cap	noun	27
cady	noun	27
butter	noun	27
builders	noun	27
approaching	verb	27
aids	noun	27
acquire	verb	27
absolutely	adv	27
zen	noun	26
widow	noun	26
wars	noun	26
velocity	noun	26
variables	noun	26
urethane	noun	26
unhappy	adj	26
trembling	verb	26
treat	verb	26
traders	noun	26
threatening	verb	26
temperatures	noun	26
tangent	adj	26
switches	noun	26
suite	noun	26
submarine	noun	26
stretch	noun	26
storm	noun	26
stockholders	noun	26
staring	verb	26
southerners	noun	26
sophisticated	adj	26
snakes	noun	26
sixth	det	26
settlement	noun	26
sessions	noun	26
sarah	noun	26
revenues	noun	26
retirement	noun	26
repeat	verb	26
released	verb	26
register	noun	26
recalled	verb	26
quoted	verb	26
promotion	noun	26
premier	noun	26
preferred	verb	26
pointing	verb	26
planes	noun	26
philosophical	adj	26
phenomena	noun	26
perspective	noun	26
peaceful	adj	26
paying	verb	26
patchen	noun	26
palfrey	noun	26
overcome	verb	26
outcome	noun	26
mysterious	adj	26
mutual	adj	26
mount	noun	26
mitchell	noun	26
meals	noun	26
marshal	noun	26
marginal	adj	26
lively	adj	26
liberals	noun	26
legend	noun	26
landing	verb	26
kingdom	noun	26
justify	verb	26
johnnie	noun	26
jew	noun	26
invited	verb	26
intelligent	adj	26
instruments	noun	26
instruction	noun	26
inherent	adj	26
ill	adj	26
identify	verb	26
helva	noun	26
hang	verb	26
handled	verb	26
gyro	noun	26
greg	noun	26
gear	noun	26
frightened	verb	26
frames	noun	26
feeding	verb	26
exceptions	noun	26
establishing	verb	26
entry	noun	26
emerged	verb	26
eliminate	verb	26
electricity	noun	26
ekstrohm	noun	26
eileen	noun	26
disturbed	verb	26
disaster	noun	26
desperate	adj	26
delightful	adj	26
critics	noun	26
coolidge	noun	26
controversy	noun	26
contest	noun	26
combat	noun	26
climate	noun	26
charm	noun	26
cents	noun	26
cellar	noun	26
cavalry	noun	26
card	noun	26
bridges	noun	26
billy	noun	26
bears	verb	26
beard	noun	26
bath	noun	26
assist	verb	26
arlene	noun	26
appreciate	verb	26
aesthetic	adj	26
acquired	verb	26
yours	pron	25
yeah	adv	25
woods	noun	25
wildly	adv	25
ward	noun	25
wally	noun	25
vivid	adj	25
viewed	verb	25
vein	noun	25
vague	adj	25
trustees	noun	25
transformed	verb	25
trading	verb	25
torn	verb	25
tim	noun	25
tilghman	noun	25
terror	noun	25
suits	noun	25
succession	noun	25
subtle	adj	25
structural	adj	25
star	noun	25
stadium	noun	25
shelters	noun	25
sba	noun	25
saddle	noun	25
roughly	adv	25
ritual	noun	25
responsibilities	noun	25
regiment	noun	25
reflect	verb	25
recommend	verb	25
reaches	verb	25
rational	adj	25
racial	adj	25
pupils	noun	25
pulling	verb	25
prospect	noun	25
productive	adj	25
proceeded	verb	25
probable	adj	25
pressing	verb	25
pond	noun	25
pittsburgh	noun	25
pile	noun	25
penny	noun	25
patrol	noun	25
partially	adv	25
parade	noun	25
painful	adj	25
pack	noun	25
owen	noun	25
operational	adj	25
observe	verb	25
northwest	noun	25
noon	noun	25
nixon	noun	25
nick	noun	25
nato	noun	25
mothers	noun	25
magnetic	adj	25
magazines	noun	25
lonely	adj	25
lands	noun	25
jersey	noun	25
intervals	noun	25
inspired	verb	25
impressions	noun	25
houston	noun	25
honey	noun	25
hired	verb	25
harm	noun	25
grateful	adj	25
glanced	verb	25
generous	adj	25
fortune	noun	25
fog	noun	25
flexible	adj	25
fist	noun	25
faint	adj	25
exposure	noun	25
exploration	noun	25
exhibit	noun	25
evidently	adv	25
eugene	noun	25
disk	noun	25
dilemma	noun	25
devil	noun	25
detergent	noun	25
destructive	adj	25
departments	noun	25
demonstration	noun	25
delayed	verb	25
dealer	noun	25
critic	noun	25
coverage	noun	25
correspondence	noun	25
corporations	noun	25
continuity	noun	25
continually	adv	25
contacts	noun	25
constitutional	adj	25
conferences	noun	25
conductor	noun	25
concerts	noun	25
composition	noun	25
component	noun	25
cocktail	noun	25
cigarette	noun	25
chin	noun	25
carolina	noun	25
cancer	noun	25
breaking	verb	25
blanche	noun	25
bearing	verb	25
barton	noun	25
attracted	verb	25
attacked	verb	25
attached	verb	25
approaches	noun	25
applications	noun	25
amateur	noun	25
allowances	noun	25
alec	noun	25
adult	noun	25
accused	verb	25
aboard	adv	25
abandoned	verb	25
zero	det	24
workshop	noun	24
wishes	verb	24
wines	noun	24
wholly	adv	24
weekly	adj	24
utopia	noun	24
undoubtedly	adv	24
tubes	noun	24
tribute	noun	24
tractor	noun	24
theresa	noun	24
tended	verb	24
tail	noun	24
swing	noun	24
subjected	verb	24
stupid	adj	24
specimen	noun	24
slid	verb	24
sitter	noun	24
seventeen	det	24
seized	verb	24
seated	verb	24
scarcely	adv	24
ruling	noun	24
rigid	adj	24
relieved	verb	24
recommendation	noun	24
realization	noun	24
realism	noun	24
rank	noun	24
qualified	verb	24
puerto	noun	24
prospects	noun	24
promising	adj	24
preliminary	adj	24
portland	noun	24
phases	noun	24
peas	noun	24
occupation	noun	24
norms	noun	24
nervous	adj	24
neighboring	verb	24
nearest	adj	24
narrative	noun	24
motel	noun	24
moore	noun	24
mexican	adj	24
meaningful	adj	24
mathematical	adj	24
masters	noun	24
mason	noun	24
manufacturing	verb	24
managers	noun	24
lock	noun	24
leather	noun	24
jump	verb	24
interpreted	verb	24
insure	verb	24
honored	verb	24
heating	verb	24
functional	adj	24
forgive	verb	24
ford	noun	24
firing	verb	24
factories	noun	24
expressing	verb	24
explicit	adj	24
exclusively	adv	24
estimates	noun	24
enthusiastic	adj	24
entering	verb	24
employee	noun	24
drug	noun	24
drivers	noun	24
draft	noun	24
diffusion	noun	24
desires	noun	24
depression	noun	24
democracy	noun	24
declaration	noun	24
cycle	noun	24
criminal	adj	24
contracts	noun	24
consisted	verb	24
coach	noun	24
clubs	noun	24
civilian	adj	24
cited	verb	24
cheap	adj	24
charming	adj	24
chances	noun	24
categories	noun	24
broadway	noun	24
brave	adj	24
bore	verb	24
biggest	adj	24
bend	noun	24
barrel	noun	24
backed	verb	24
automobiles	noun	24
astronomy	noun	24
assembled	verb	24
arrive	verb	24
announcement	noun	24
angels	noun	24
aimed	verb	24
advisory	adj	24
actor	noun	24
accurately	adv	24
accomplish	verb	24
access	noun	24
academy	noun	24
absorbed	verb	24
wounded	verb	23
worn	verb	23
whispered	verb	23
whisky	noun	23
westminster	noun	23
wake	verb	23
victor	noun	23
unexpected	adj	23
ultimately	adv	23
trace	noun	23
tie	noun	23
thinks	verb	23
tennessee	noun	23
sweat	noun	23
suggestions	noun	23
substrate	noun	23
substances	noun	23
stuck	verb	23
stressed	verb	23
strategic	adj	23
stern	adj	23
spencer	noun	23
spare	adj	23
sink	noun	23
sheep	noun	23
sharing	verb	23
settle	verb	23
sentiment	noun	23
select	verb	23
searching	verb	23
savings	noun	23
ruth	noun	23
rocks	noun	23
rifles	noun	23
resumed	verb	23
relevant	adj	23
registration	noun	23
registered	verb	23
regime	noun	23
refrigerator	noun	23
reflects	verb	23
radar	noun	23
quiney	noun	23
publications	noun	23
protest	noun	23
plug	noun	23
plates	noun	23
plaster	noun	23
pete	noun	23
pa	noun	23
oxidation	noun	23
originally	adv	23
orange	noun	23
noble	adj	23
musician	noun	23
monthly	adj	23
midnight	noun	23
memorial	adj	23
maryland	noun	23
manufacturer	noun	23
maggie	noun	23
madison	noun	23
luncheon	noun	23
lighting	verb	23
lift	verb	23
lengths	noun	23
lawyers	noun	23
killing	noun	23
justified	verb	23
jean	noun	23
inventory	noun	23
insects	noun	23
incredible	adj	23
imitation	noun	23
illustration	noun	23
hurried	verb	23
hungry	adj	23
hollywood	noun	23
historic	adj	23
heights	noun	23
heels	noun	23
hearts	noun	23
harder	adv	23
happiness	noun	23
habit	noun	23
h	noun	23
grades	noun	23
governmental	adj	23
gin	noun	23
giant	adj	23
genius	noun	23
generations	noun	23
furnished	verb	23
fraction	noun	23
fogg	noun	23
flower	noun	23
fibers	noun	23
farmer	noun	23
expectations	noun	23
exercises	noun	23
excited	verb	23
encouraging	verb	23
enable	verb	23
empirical	adj	23
eighth	det	23
douglas	noun	23
don	noun	23
dive	noun	23
displacement	noun	23
discrimination	noun	23
degrees	noun	23
dedicated	verb	23
deck	noun	23
dances	noun	23
curiosity	noun	23
crystal	noun	23
craft	noun	23
controlling	verb	23
continuously	adv	23
compete	verb	23
colleagues	noun	23
cleared	verb	23
civic	adj	23
circuit	noun	23
channels	noun	23
champion	noun	23
chairs	noun	23
category	noun	23
cat	noun	23
casey	noun	23
cabin	noun	23
burns	noun	23
bowl	noun	23
bobby	noun	23
boating	verb	23
belly	noun	23
beliefs	noun	23
bases	noun	23
authors	noun	23
attending	verb	23
attempting	verb	23
assumptions	noun	23
assessment	noun	23
arrival	noun	23
anticipated	verb	23
amendment	noun	23
agriculture	noun	23
adults	noun	23
yelled	verb	22
wealth	noun	22
warned	verb	22
voluntary	adj	22
vienna	noun	22
variations	noun	22
valid	adj	22
unfortunate	adj	22
uneasy	adj	22
uncertain	adj	22
trucks	noun	22
troubles	noun	22
triumph	noun	22
traveled	verb	22
totally	adv	22
tire	noun	22
tip	noun	22
thrust	verb	22
teams	noun	22
targets	noun	22
surrender	noun	22
suited	verb	22
successes	noun	22
substitute	noun	22
strategy	noun	22
sticks	noun	22
steadily	adv	22
statistics	noun	22
sponsor	noun	22
sphere	noun	22
spectacular	adj	22
souls	noun	22
soap	noun	22
sixties	noun	22
sighed	verb	22
shell	noun	22
servants	noun	22
savage	adj	22
sandburg	noun	22
sampling	verb	22
s	noun	22
rhythm	noun	22
retained	verb	22
respects	noun	22
resist	verb	22
reliable	adj	22
relatives	noun	22
rehabilitation	noun	22
regularly	adv	22
refund	noun	22
recommendations	noun	22
ralph	noun	22
racing	verb	22
preparing	verb	22
posts	noun	22
possessed	verb	22
plate	noun	22
planets	noun	22
pitch	noun	22
physiological	adj	22
physics	noun	22
patience	noun	22
participate	verb	22
panic	noun	22
palm	noun	22
ownership	noun	22
overseas	adj	22
occasions	noun	22
novels	noun	22
nerves	noun	22
motive	noun	22
moderate	adj	22
miller	noun	22
miami	noun	22
mess	noun	22
merchants	noun	22
melting	verb	22
meanings	noun	22
loyalty	noun	22
loaded	verb	22
laughter	noun	22
joke	noun	22
investigations	noun	22
intentions	noun	22
insight	noun	22
implications	noun	22
hypothalamic	adj	22
hits	noun	22
hide	verb	22
herd	noun	22
gulf	noun	22
grows	verb	22
gang	noun	22
frequency	noun	22
freely	adv	22
fortunate	adj	22
formulas	noun	22
forests	noun	22
foams	noun	22
fault	noun	22
expects	verb	22
exhibition	noun	22
engagement	noun	22
empire	noun	22
eliminated	verb	22
elaine	noun	22
eighteenth	det	22
economical	adj	22
earliest	adj	22
drinks	noun	22
dressing	verb	22
doubtful	adj	22
destiny	noun	22
describes	verb	22
deegan	noun	22
dealt	verb	22
convenient	adj	22
conspiracy	noun	22
congressional	adj	22
complained	verb	22
chiefly	adv	22
chart	noun	22
casual	adj	22
carries	verb	22
capitol	noun	22
capabilities	noun	22
bother	verb	22
bombers	noun	22
bobbie	noun	22
blues	noun	22
bid	noun	22
belongs	verb	22
baltimore	noun	22
balanced	verb	22
backward	adv	22
autumn	noun	22
auto	noun	22
aunt	noun	22
attacks	noun	22
architect	noun	22
arbitrary	adj	22
appreciation	noun	22
ambiguous	adj	22
ambassador	noun	22
altered	verb	22
alienation	noun	22
alaska	noun	22
adding	verb	22
wondering	verb	21
wives	noun	21
witnesses	noun	21
winds	noun	21
wheels	noun	21
warwick	noun	21
wagner	noun	21
vernon	noun	21
vermont	noun	21
verbal	adj	21
utopian	adj	21
urgent	adj	21
urge	verb	21
unlikely	adj	21
ugly	adj	21
tsunami	noun	21
trends	noun	21
traditions	noun	21
thorough	adj	21
theoretical	adj	21
theirs	pron	21
telegraph	noun	21
taylor	noun	21
taxpayers	noun	21
tale	noun	21
suspected	verb	21
surrounded	verb	21
summary	noun	21
submitted	verb	21
stumbled	verb	21
stiff	adj	21
steele	noun	21
startled	verb	21
springs	noun	21
speeches	noun	21
socialist	adj	21
smart	adj	21
skirt	noun	21
sixty	det	21
sidewalk	noun	21
shu	noun	21
shining	verb	21
shame	noun	21
shaking	verb	21
screw	noun	21
scared	verb	21
saving	verb	21
russ	noun	21
rico	noun	21
revolutionary	adj	21
reverend	noun	21
reveals	verb	21
respond	verb	21
respectable	adj	21
resolved	verb	21
replacement	noun	21
rent	verb	21
rang	verb	21
races	noun	21
questioning	verb	21
punishment	noun	21
protein	noun	21
prospective	adj	21
profits	noun	21
procurement	noun	21
prisoners	noun	21
prairie	noun	21
possession	noun	21
port	noun	21
podger	noun	21
planetary	adj	21
planet	noun	21
pitcher	noun	21
pip	noun	21
philip	noun	21
pertinent	adj	21
persuaded	verb	21
pause	noun	21
passengers	noun	21
partisan	adj	21
particle	noun	21
painter	noun	21
occurring	verb	21
obliged	verb	21
obligations	noun	21
nuts	noun	21
neat	adj	21
morris	noun	21
monument	noun	21
missouri	noun	21
milligrams	noun	21
michigan	noun	21
merger	noun	21
melody	noun	21
maude	noun	21
mate	noun	21
masses	noun	21
mars	noun	21
marble	noun	21
luxury	noun	21
lucky	adj	21
lowered	verb	21
loop	noun	21
lo	noun	21
linear	adj	21
killer	noun	21
keith	noun	21
keeps	verb	21
kay	noun	21
katanga	noun	21
joyce	noun	21
johnston	noun	21
jail	noun	21
intimate	adj	21
intermediate	adj	21
inspection	noun	21
indirect	adj	21
inclined	verb	21
ideological	adj	21
hoag	noun	21
hesitated	verb	21
heroic	adj	21
heritage	noun	21
hen	noun	21
helpless	adj	21
habits	noun	21
governing	verb	21
giants	noun	21
gentlemen	noun	21
garage	noun	21
francis	noun	21
forming	verb	21
fluid	noun	21
flash	noun	21
faulkner	noun	21
fans	noun	21
envelope	noun	21
enjoyment	noun	21
educated	verb	21
dynamic	adj	21
drawings	noun	21
displays	noun	21
displayed	verb	21
dishes	noun	21
diet	noun	21
di	noun	21
detroit	noun	21
desperately	adv	21
despair	noun	21
desert	noun	21
delay	noun	21
definitely	adv	21
defend	verb	21
dedication	noun	21
dare	verb	21
crossing	verb	21
cromwell	noun	21
crises	noun	21
crack	noun	21
cope	verb	21
conversion	noun	21
congressman	noun	21
computed	verb	21
complement	noun	21
competent	adj	21
commodities	noun	21
colorful	adj	21
colonial	adj	21
classification	noun	21
circular	adj	21
cholesterol	noun	21
characterized	verb	21
certainty	noun	21
bullets	noun	21
bridget	noun	21
breathing	verb	21
bold	adj	21
ben	noun	21
belgians	noun	21
behalf	noun	21
beam	noun	21
availability	noun	21
associate	verb	21
aristotle	noun	21
anniversary	noun	21
addresses	noun	21
accepting	verb	21
acceptable	adj	21
worries	noun	20
wit	noun	20
warrant	verb	20
votes	noun	20
voters	noun	20
vacuum	noun	20
underlying	verb	20
twentieth	det	20
trim	verb	20
treaty	noun	20
trap	noun	20
transformation	noun	20
tournament	noun	20
tooth	noun	20
tones	noun	20
thereafter	adv	20
theories	noun	20
tent	noun	20
temporarily	adv	20
tales	noun	20
tactics	noun	20
supplement	noun	20
suitcase	noun	20
submarines	noun	20
styles	noun	20
struggling	verb	20
strongest	adj	20
strikes	noun	20
stake	noun	20
splendid	adj	20
solve	verb	20
solely	adv	20
socialism	noun	20
slim	adj	20
slide	noun	20
skyros	noun	20
sixteen	det	20
sheriff	noun	20
shadows	noun	20
secrets	noun	20
sauce	noun	20
sailing	verb	20
rush	noun	20
rises	verb	20
retail	adj	20
responded	verb	20
residents	noun	20
reporter	noun	20
repair	noun	20
renaissance	noun	20
relating	verb	20
receives	verb	20
reactionary	adj	20
ranks	noun	20
quarrel	noun	20
puts	verb	20
pursue	verb	20
purchased	verb	20
pupil	noun	20
promises	verb	20
probabilities	noun	20
poverty	noun	20
plato	noun	20
pipe	noun	20
pioneer	noun	20
physically	adv	20
peered	verb	20
passages	noun	20
parks	noun	20
package	noun	20
overwhelming	adj	20
orderly	adj	20
oedipus	noun	20
observers	noun	20
nude	adj	20
notte	noun	20
notable	adj	20
ninth	det	20
newer	adj	20
nest	noun	20
negotiations	noun	20
mustard	noun	20
motives	noun	20
mode	noun	20
minority	noun	20
michelangelo	noun	20
mercy	noun	20
merchant	noun	20
mathematics	noun	20
manhattan	noun	20
manage	verb	20
lungs	noun	20
loud	adj	20
lobby	noun	20
listeners	noun	20
legislators	noun	20
leaped	verb	20
lean	adj	20
laura	noun	20
launched	verb	20
landscape	noun	20
jungle	noun	20
judges	noun	20
invitation	noun	20
invention	noun	20
intervention	noun	20
input	noun	20
injured	verb	20
indication	noun	20
impulse	noun	20
improvements	noun	20
illness	noun	20
hotels	noun	20
hospitals	noun	20
historians	noun	20
hidden	verb	20
hatred	noun	20
happily	adv	20
guys	noun	20
guided	verb	20
grip	noun	20
greeted	verb	20
grants	noun	20
grains	noun	20
grabbed	verb	20
glory	noun	20
gather	verb	20
freddy	noun	20
fractions	noun	20
founded	verb	20
fortunately	adv	20
foil	noun	20
florida	noun	20
fitted	verb	20
figured	verb	20
fascinating	adj	20
fantastic	adj	20
explains	verb	20
expanded	verb	20
enforced	verb	20
endless	adj	20
emphasize	verb	20
donald	noun	20
dominated	verb	20
dolores	noun	20
doc	noun	20
distinctive	adj	20
disposal	noun	20
decent	adj	20
crop	noun	20
creatures	noun	20
cream	noun	20
crawled	verb	20
crash	noun	20
cooperative	adj	20
convictions	noun	20
converted	verb	20
confirmed	verb	20
conditioned	verb	20
compromise	noun	20
clothing	noun	20
clock	noun	20
cheek	noun	20
chapel	noun	20
cathy	noun	20
cape	noun	20
cafe	noun	20
bundle	noun	20
buck	noun	20
brushed	verb	20
boss	noun	20
border	noun	20
borden	noun	20
boots	noun	20
bones	noun	20
blonde	adj	20
biological	adj	20
binding	verb	20
bet	verb	20
basically	adv	20
awake	adj	20
authentic	adj	20
attain	verb	20
assessors	noun	20
aroused	verb	20
arnold	noun	20
anyhow	adv	20
anticipation	noun	20
amazing	adj	20
alliance	noun	20
allen	noun	20
alike	adv	20
alabama	noun	20
adjustments	noun	20
accordance	noun	20
abel	noun	20
wisconsin	noun	19
wiped	verb	19
wildlife	noun	19
whip	noun	19
whereby	adv	19
vincent	noun	19
victims	noun	19
vertex	noun	19
venture	noun	19
vector	noun	19
underground	adj	19
twisted	verb	19
traveling	verb	19
toes	noun	19
tobacco	noun	19
toast	noun	19
timber	noun	19
therapist	noun	19
theology	noun	19
tetrachloride	noun	19
tensions	noun	19
tangible	adj	19
supervision	noun	19
stroke	noun	19
string	noun	19
stresses	noun	19
straightened	verb	19
startling	adj	19
spell	noun	19
specialists	noun	19
span	noun	19
solved	verb	19
sober	adj	19
snapped	verb	19
smelled	verb	19
slope	noun	19
slip	noun	19
slender	adj	19
sketches	noun	19
situated	verb	19
shorter	adj	19
shocked	verb	19
shipping	verb	19
servant	noun	19
sera	noun	19
salesmen	noun	19
salem	noun	19
rugged	adj	19
rousseau	noun	19
rourke	noun	19
rolling	verb	19
rob	noun	19
ridiculous	adj	19
rid	adj	19
resting	verb	19
respective	adj	19
remainder	noun	19
relax	verb	19
realtors	noun	19
realm	noun	19
reactivity	noun	19
ray	noun	19
puzzled	verb	19
produces	verb	19
preserved	verb	19
politicians	noun	19
polish	adj	19
policeman	noun	19
plantation	noun	19
paula	noun	19
patents	noun	19
pamela	noun	19
packed	verb	19
orthodox	adj	19
optical	adj	19
numerical	adj	19
nonspecific	adj	19
neatly	adv	19
naive	adj	19
murderer	noun	19
movable	adj	19
midst	noun	19
mexico	noun	19
mechanics	noun	19
males	noun	19
makers	noun	19
loves	verb	19
lover	noun	19
lodge	noun	19
livestock	noun	19
likes	verb	19
lid	noun	19
letch	noun	19
lap	noun	19
ladder	noun	19
lacked	verb	19
label	noun	19
killpath	noun	19
interviews	noun	19
instantly	adv	19
insistence	noun	19
infinite	adj	19
individually	adv	19
imposed	verb	19
immortality	noun	19
ignore	verb	19
hypothalamus	noun	19
hostile	adj	19
helion	noun	19
hay	noun	19
haney	noun	19
ham	noun	19
guitar	noun	19
guards	noun	19
glued	verb	19
gains	noun	19
fury	noun	19
frederick	noun	19
flood	noun	19
filing	verb	19
fever	noun	19
fats	noun	19
fathers	noun	19
fatal	adj	19
exceptional	adj	19
eve	noun	19
ethics	noun	19
essay	noun	19
entries	noun	19
enforcement	noun	19
emperor	noun	19
elementary	adj	19
earnings	noun	19
dreamed	verb	19
drank	verb	19
documents	noun	19
distinguish	verb	19
distances	noun	19
diseases	noun	19
discharge	noun	19
directors	noun	19
dim	adj	19
devotion	noun	19
depths	noun	19
demanding	verb	19
delivery	noun	19
decisive	adj	19
deadly	adj	19
daytime	adj	19
dated	verb	19
damned	verb	19
dairy	noun	19
curves	noun	19
cuban	adj	19
crown	noun	19
cottage	noun	19
corporate	adj	19
convenience	noun	19
continental	adj	19
consistently	adv	19
condemned	verb	19
comprehensive	adj	19
companion	noun	19
commissioner	noun	19
combinations	noun	19
caution	noun	19
canvas	noun	19
businesses	noun	19
broader	adj	19
brass	noun	19
blowing	verb	19
avoided	verb	19
attract	verb	19
assurance	noun	19
assert	verb	19
arrested	verb	19
arrest	noun	19
applies	verb	19
appeals	noun	19
ambition	noun	19
allows	verb	19
airport	noun	19
affects	verb	19
addressed	verb	19
achievements	noun	19
youngsters	noun	18
yankee	noun	18
wing	noun	18
upton	noun	18
undertaken	verb	18
twist	noun	18
tsh	noun	18
tray	noun	18
transport	noun	18
tommy	noun	18
tokyo	noun	18
theorem	noun	18
terribly	adv	18
technological	adj	18
tap	verb	18
tanks	noun	18
talks	noun	18
systematic	adj	18
surprisingly	adv	18
sung	verb	18
sue	verb	18
suburbs	noun	18
submit	verb	18
subjective	adj	18
stolen	verb	18
stocks	noun	18
stevie	noun	18
stevens	noun	18
stephen	noun	18
stein	noun	18
stall	noun	18
squeezed	verb	18
squad	noun	18
spectra	noun	18
spectacle	noun	18
specialized	verb	18
speaks	verb	18
simpler	adj	18
shrugged	verb	18
shifted	verb	18
serum	noun	18
selective	adj	18
saxon	noun	18
sank	verb	18
rubbed	verb	18
rod	noun	18
roared	verb	18
ridge	noun	18
reverse	verb	18
rests	verb	18
resentment	noun	18
representation	noun	18
repeatedly	adv	18
remarkably	adv	18
religions	noun	18
refers	verb	18
referring	verb	18
rebel	noun	18
ratios	noun	18
ranged	verb	18
proportions	noun	18
pronounced	verb	18
proceedings	noun	18
proceed	verb	18
privilege	noun	18
priority	noun	18
printing	verb	18
print	noun	18
predicted	verb	18
pole	noun	18
plainly	adv	18
phrases	noun	18
photograph	noun	18
pen	noun	18
partnership	noun	18
parlor	noun	18
oxford	noun	18
overnight	adv	18
overhead	adj	18
officially	adv	18
objection	noun	18
nineteen	det	18
neglected	verb	18
milling	verb	18
meredith	noun	18
medieval	adj	18
mechanisms	noun	18
marry	verb	18
manufacture	noun	18
madden	noun	18
loyal	adj	18
locations	noun	18
lip	noun	18
likewise	adv	18
lesser	adj	18
lemon	noun	18
least	adv	18
langford	noun	18
lamp	noun	18
la	noun	18
kowalski	noun	18
knight	noun	18
kitti	noun	18
kicked	verb	18
juvenile	adj	18
iodine	noun	18
investigated	verb	18
intuition	noun	18
interval	noun	18
interrupted	verb	18
initially	adv	18
informal	adj	18
hypothesis	noun	18
hunter	noun	18
humble	adj	18
harvey	noun	18
halfway	adv	18
griffith	noun	18
grams	noun	18
fountain	noun	18
formally	adv	18
forgot	verb	18
folks	noun	18
fellows	noun	18
favored	verb	18
faster	adv	18
fan	noun	18
fame	noun	18
faded	verb	18
expecting	verb	18
exercised	verb	18
exceed	verb	18
escaped	verb	18
ernie	noun	18
erected	verb	18
epic	noun	18
emphasized	verb	18
emerge	verb	18
el	noun	18
effluent	noun	18
editors	noun	18
earnest	adj	18
earned	verb	18
drops	noun	18
drift	noun	18
drain	noun	18
disposed	verb	18
differ	verb	18
dick	noun	18
designer	noun	18
denial	noun	18
deliver	verb	18
defended	verb	18
cylinder	noun	18
customs	noun	18
crops	noun	18
costumes	noun	18
cosmic	adj	18
corners	noun	18
copies	noun	18
continuation	noun	18
consumption	noun	18
consistency	noun	18
congregations	noun	18
competence	noun	18
compelled	verb	18
committees	noun	18
commented	verb	18
columbia	noun	18
colt	noun	18
cobb	noun	18
classroom	noun	18
chorus	noun	18
chase	noun	18
ceremony	noun	18
causing	verb	18
cats	noun	18
candle	noun	18
camps	noun	18
camping	verb	18
buried	verb	18
bunk	noun	18
bulletin	noun	18
brightness	noun	18
brick	noun	18
brains	noun	18
bitterness	noun	18
bishop	noun	18
birthday	noun	18
biblical	adj	18
beloved	adj	18
bell	noun	18
battery	noun	18
bathroom	noun	18
bat	noun	18
bargaining	noun	18
barco	noun	18
autonomy	noun	18
austin	noun	18
attributed	verb	18
athletic	adj	18
assignments	noun	18
assign	verb	18
asks	verb	18
arose	verb	18
arkansas	noun	18
applicable	adj	18
announce	verb	18
angel	noun	18
andrei	noun	18
ammunition	noun	18
aluminum	noun	18
aged	verb	18
affection	noun	18
advances	noun	18
adolescence	noun	18
acted	verb	18
abuse	noun	18
abruptly	adv	18
abrupt	adj	18
wider	adj	17
whiskey	noun	17
weary	adj	17
walker	noun	17
wagons	noun	17
vitality	noun	17
visits	noun	17
violation	noun	17
vicious	adj	17
vaguely	adv	17
useless	adj	17
uncertainty	noun	17
tumor	noun	17
trevelyan	noun	17
transom	noun	17
tract	noun	17
tracing	verb	17
titles	noun	17
thyroglobulin	noun	17
throwing	verb	17
thee	pron	17
supernatural	adj	17
superintendent	noun	17
sunlight	noun	17
sums	noun	17
summers	noun	17
suicide	noun	17
stripped	verb	17
stretching	verb	17
steam	noun	17
staying	verb	17
statue	noun	17
sport	noun	17
spontaneous	adj	17
sooner	adv	17
sole	adj	17
slowed	verb	17
simms	noun	17
silently	adv	17
significantly	adv	17
shops	noun	17
shifts	noun	17
shaped	verb	17
shake	verb	17
separation	noun	17
sensed	verb	17
seemingly	adv	17
seasons	noun	17
seal	noun	17
screaming	verb	17
screamed	verb	17
scientist	noun	17
rivers	noun	17
rested	verb	17
respiratory	adj	17
reporting	verb	17
renewed	verb	17
remembering	verb	17
reflecting	verb	17
rebels	noun	17
readings	noun	17
raymond	noun	17
quote	verb	17
pushing	verb	17
purchasing	verb	17
progressive	adj	17
productivity	noun	17
prevailing	verb	17
preservation	noun	17
preaching	verb	17
praise	noun	17
possess	verb	17
portrait	noun	17
porter	noun	17
popularity	noun	17
pockets	noun	17
pierre	noun	17
persuade	verb	17
performing	verb	17
pays	verb	17
pastor	noun	17
packing	verb	17
operators	noun	17
obscure	adj	17
nursing	verb	17
nurse	noun	17
notions	noun	17
noting	verb	17
neighborhoods	noun	17
nadine	noun	17
muttered	verb	17
murmured	verb	17
motions	noun	17
mortgage	noun	17
moreland	noun	17
morale	noun	17
molecular	adj	17
mistaken	verb	17
missionary	noun	17
milton	noun	17
meadow	noun	17
ma	noun	17
loudly	adv	17
logic	noun	17
lizzie	noun	17
lit	verb	17
lion	noun	17
lest	conj	17
lessons	noun	17
lao	noun	17
lalaurie	noun	17
krim	noun	17
kiss	verb	17
ivory	noun	17
intersection	noun	17
interaction	noun	17
inquiry	noun	17
inquiries	noun	17
infectious	adj	17
indirectly	adv	17
indifference	noun	17
inability	noun	17
import	noun	17
implied	verb	17
imaginary	adj	17
illustrate	verb	17
hunger	noun	17
horror	noun	17
holiday	noun	17
hitting	verb	17
hiding	verb	17
heroes	noun	17
hank	noun	17
hamilton	noun	17
guerrillas	noun	17
grasp	verb	17
graph	noun	17
graduates	noun	17
gonna	verb	17
giffen	noun	17
geometric	adj	17
geneva	noun	17
gap	noun	17
gambling	verb	17
fulton	noun	17
fuel	noun	17
friction	noun	17
frankie	noun	17
frankfurter	noun	17
formulation	noun	17
followers	noun	17
flowing	verb	17
fleet	noun	17
flame	noun	17
fitting	verb	17
fires	noun	17
females	noun	17
failing	verb	17
explosive	adj	17
enjoying	verb	17
engines	noun	17
employes	noun	17
employers	noun	17
embassy	noun	17
eighteen	det	17
economics	noun	17
dome	noun	17
diplomacy	noun	17
detectives	noun	17
destroying	verb	17
designated	verb	17
describing	verb	17
deputy	noun	17
departure	noun	17
defensive	adj	17
declined	verb	17
darling	noun	17
dandy	noun	17
cracked	verb	17
counted	verb	17
counsel	noun	17
corridor	noun	17
cops	noun	17
cooled	verb	17
continent	noun	17
consulted	verb	17
consist	verb	17
consent	noun	17
connecticut	noun	17
confession	noun	17
compensation	noun	17
comparative	adj	17
combine	verb	17
collar	noun	17
codes	noun	17
clever	adj	17
cleveland	noun	17
christians	noun	17
chip	noun	17
checks	noun	17
chaos	noun	17
cereal	noun	17
catcher	noun	17
carroll	noun	17
captured	verb	17
capture	verb	17
campaigns	noun	17
cabinet	noun	17
burma	noun	17
bunks	noun	17
bunch	noun	17
breed	noun	17
brand	noun	17
bod	noun	17
benson	noun	17
belonged	verb	17
basket	noun	17
barriers	noun	17
baptist	noun	17
balls	noun	17
ballistic	adj	17
awful	adj	17
awards	noun	17
awarded	verb	17
assuming	verb	17
artificial	adj	17
apartments	noun	17
anonymous	adj	17
anniston	noun	17
angie	noun	17
alternatives	noun	17
allocation	noun	17
aggressive	adj	17
admired	verb	17
ada	noun	17
acquisition	noun	17
accompanying	verb	17
accelerometer	noun	17
acceleration	noun	17
absurd	adj	17
abandon	verb	17
willis	noun	16
whites	noun	16
weighed	verb	16
waved	verb	16
wasted	verb	16
wanting	verb	16
voyage	noun	16
voltage	noun	16
viewpoint	noun	16
viet	noun	16
veterans	noun	16
vessel	noun	16
vertical	adj	16
vegetables	noun	16
unto	prep	16
unnecessary	adj	16
unemployment	noun	16
typically	adv	16
troop	noun	16
transmission	noun	16
translation	noun	16
translated	verb	16
transit	noun	16
trains	noun	16
trails	noun	16
tourist	noun	16
toll	noun	16
tile	noun	16
ticket	noun	16
thru	prep	16
thereof	adv	16
telephoned	verb	16
taxi	noun	16
synthesis	noun	16
switched	verb	16
swinging	verb	16
successor	noun	16
styka	noun	16
sturdy	adj	16
stuart	noun	16
strings	noun	16
stride	noun	16
strengthen	verb	16
stirring	verb	16
statistical	adj	16
stating	verb	16
staged	verb	16
spun	verb	16
spreading	verb	16
spray	noun	16
spotted	verb	16
specialist	noun	16
southwest	noun	16
soup	noun	16
solar	adj	16
slammed	verb	16
sketch	noun	16
sites	noun	16
sins	noun	16
simplicity	noun	16
shortage	noun	16
shipments	noun	16
severely	adv	16
secular	adj	16
secants	noun	16
scott	noun	16
satisfy	verb	16
saint	noun	16
ruined	verb	16
rows	noun	16
roleplaying	noun	16
rider	noun	16
revised	verb	16
resume	verb	16
requiring	verb	16
refuse	verb	16
references	noun	16
reasoning	noun	16
reads	verb	16
raises	verb	16
railroads	noun	16
rail	noun	16
rage	noun	16
quest	noun	16
qualifications	noun	16
pursuit	noun	16
purchases	noun	16
proves	verb	16
proposition	noun	16
prolonged	verb	16
professors	noun	16
producer	noun	16
proceeds	noun	16
priests	noun	16
priest	noun	16
pottery	noun	16
pitching	verb	16
pin	noun	16
piled	verb	16
photographs	noun	16
philosopher	noun	16
persistent	adj	16
peak	noun	16
payroll	noun	16
payne	noun	16
partners	noun	16
parliament	noun	16
pan	noun	16
outfit	noun	16
orientation	noun	16
oriental	adj	16
orbit	noun	16
optimum	adj	16
opium	noun	16
operand	noun	16
opens	verb	16
occupy	verb	16
observer	noun	16
obligation	noun	16
notably	adv	16
northeast	noun	16
nicolas	noun	16
networks	noun	16
nelson	noun	16
muscular	adj	16
montgomery	noun	16
monk	noun	16
mistakes	noun	16
missions	noun	16
miracle	noun	16
minimize	verb	16
metaphysical	adj	16
messages	noun	16
matched	verb	16
maintains	verb	16
mailed	verb	16
mae	noun	16
m	noun	16
lung	noun	16
locate	verb	16
liver	noun	16
linked	verb	16
link	noun	16
lined	verb	16
leveling	verb	16
legitimate	adj	16
lecture	noun	16
l	noun	16
justification	noun	16
judicial	adj	16
jeep	noun	16
jaw	noun	16
jar	noun	16
isolation	noun	16
investors	noun	16
invasion	noun	16
instructed	verb	16
installations	noun	16
insights	noun	16
inserted	verb	16
inquired	verb	16
injustice	noun	16
inherited	verb	16
influenced	verb	16
infantry	noun	16
indications	noun	16
indicating	verb	16
improving	verb	16
implies	verb	16
ignorance	noun	16
ideals	noun	16
humorous	adj	16
homer	noun	16
historically	adv	16
highways	noun	16
hers	pron	16
henri	noun	16
heated	verb	16
hawaii	noun	16
hanford	noun	16
handley	noun	16
hammarskjold	noun	16
greece	noun	16
gradual	adj	16
grab	verb	16
gown	noun	16
gotten	verb	16
goodness	noun	16
glow	noun	16
glorious	adj	16
glimpse	noun	16
gilborn	noun	16
geographical	adj	16
gavin	noun	16
g	noun	16
fringe	noun	16
founding	verb	16
formidable	adj	16
forehead	noun	16
foolish	adj	16
flexibility	noun	16
flavor	noun	16
flashed	verb	16
flag	noun	16
finest	adj	16
financed	verb	16
fighters	noun	16
fences	noun	16
fee	noun	16
farms	noun	16
farming	verb	16
fancy	noun	16
explosion	noun	16
exhibits	noun	16
excluding	prep	16
endurance	noun	16
earn	verb	16
dusty	adj	16
dropping	verb	16
downward	adj	16
doubts	noun	16
disturbing	adj	16
dish	noun	16
discussing	verb	16
disastrous	adj	16
differently	adv	16
differential	adj	16
dickens	noun	16
devised	verb	16
deserves	verb	16
denver	noun	16
delighted	verb	16
delegates	noun	16
dangers	noun	16
damp	adj	16
curriculum	noun	16
crouched	verb	16
cranston	noun	16
cows	noun	16
cowboy	noun	16
costly	adj	16
correlation	noun	16
contents	noun	16
conjunction	noun	16
confrontation	noun	16
conformity	noun	16
confirm	verb	16
confined	verb	16
confident	adj	16
conclude	verb	16
compounds	noun	16
composite	adj	16
compatible	adj	16
commit	verb	16
commissioners	noun	16
collect	verb	16
cockpit	noun	16
clover	noun	16
closet	noun	16
clearing	verb	16
cleaned	verb	16
claire	noun	16
claiming	verb	16
circulation	noun	16
chores	noun	16
cherished	verb	16
chemistry	noun	16
chapters	noun	16
channel	noun	16
capita	noun	16
candy	noun	16
byron	noun	16
bulk	noun	16
buffer	noun	16
buffalo	noun	16
brooks	noun	16
broadcast	noun	16
boundary	noun	16
bounced	verb	16
blockade	noun	16
bleeding	verb	16
bitterly	adv	16
beautifully	adv	16
bass	noun	16
audiences	noun	16
attic	noun	16
ate	verb	16
asserted	verb	16
ashamed	adj	16
arteries	noun	16
arranging	verb	16
appearing	verb	16
anthony	noun	16
angular	adj	16
analytic	adj	16
ample	adj	16
ambitious	adj	16
allowance	noun	16
alien	adj	16
alarm	noun	16
al	noun	16
aims	noun	16
afterward	adv	16
adjust	verb	16
adequately	adv	16
abstraction	noun	16
x	noun	15
writings	noun	15
waddell	noun	15
virtues	noun	15
verdict	noun	15
vanished	verb	15
validity	noun	15
unpleasant	adj	15
underwater	adj	15
ulyate	noun	15
turnpike	noun	15
trick	noun	15
translate	verb	15
touching	verb	15
tore	verb	15
tightly	adv	15
ties	noun	15
threshold	noun	15
thread	noun	15
texture	noun	15
textiles	noun	15
termed	verb	15
tentative	adj	15
tense	adj	15
tennis	noun	15
tappet	noun	15
swim	verb	15
swiftly	adv	15
sweep	noun	15
sustained	verb	15
supports	verb	15
succeed	verb	15
substituted	verb	15
straw	noun	15
stove	noun	15
stirred	verb	15
stimulus	noun	15
stevenson	noun	15
steinberg	noun	15
stature	noun	15
stalin	noun	15
soils	noun	15
sociology	noun	15
socially	adv	15
smashed	verb	15
sloan	noun	15
sizable	adj	15
sincere	adj	15
silly	adj	15
sights	noun	15
shower	noun	15
sheer	adj	15
sentimental	adj	15
senses	noun	15
selections	noun	15
selecting	verb	15
selden	noun	15
segregated	verb	15
seats	noun	15
scores	noun	15
scored	verb	15
scholar	noun	15
ryan	noun	15
rubber	noun	15
rounded	verb	15
rope	noun	15
reward	noun	15
restricted	verb	15
rescue	noun	15
rental	noun	15
remind	verb	15
reluctant	adj	15
refusal	noun	15
realities	noun	15
readiness	noun	15
react	verb	15
razor	noun	15
rancher	noun	15
quit	verb	15
qualify	verb	15
province	noun	15
profile	noun	15
preventive	adj	15
preparations	noun	15
preceded	verb	15
practicing	verb	15
powell	noun	15
potatoes	noun	15
potato	noun	15
pools	noun	15
policemen	noun	15
plunged	verb	15
placement	noun	15
pill	noun	15
picnic	noun	15
piazza	noun	15
physician	noun	15
petition	noun	15
personalities	noun	15
penetration	noun	15
participating	verb	15
parent	noun	15
owed	verb	15
originated	verb	15
optimistic	adj	15
optimism	noun	15
oppose	verb	15
opponent	noun	15
operates	verb	15
onion	noun	15
oils	noun	15
oak	noun	15
o	noun	15
nut	noun	15
novelist	noun	15
norman	noun	15
newest	adj	15
needle	noun	15
morton	noun	15
molding	noun	15
misery	noun	15
mileage	noun	15
mentally	adv	15
memories	noun	15
meaningless	adj	15
mare	noun	15
marching	verb	15
manners	noun	15
madame	noun	15
lyrics	noun	15
lublin	noun	15
loving	verb	15
loses	verb	15
literal	adj	15
liberalism	noun	15
lectures	noun	15
leaning	verb	15
lawn	noun	15
landed	verb	15
lagoon	noun	15
knock	verb	15
kissed	verb	15
kick	noun	15
katie	noun	15
judging	verb	15
judged	verb	15
juanita	noun	15
joining	verb	15
jerry	noun	15
jay	noun	15
israel	noun	15
intensive	adj	15
intend	verb	15
indispensable	adj	15
imports	noun	15
horrible	adj	15
honors	noun	15
homeric	adj	15
hire	verb	15
helium	noun	15
heavier	adj	15
havana	noun	15
hastily	adv	15
guessed	verb	15
graham	noun	15
governed	verb	15
gates	noun	15
gaining	verb	15
fromm	noun	15
freezing	verb	15
foster	noun	15
forgiveness	noun	15
forbidden	verb	15
folded	verb	15
fluids	noun	15
federation	noun	15
feasible	adj	15
fabric	noun	15
expressions	noun	15
explanations	noun	15
expedition	noun	15
exhausted	verb	15
execution	noun	15
evenings	noun	15
eugenia	noun	15
essence	noun	15
englishman	noun	15
employer	noun	15
emerging	verb	15
elizabeth	noun	15
eliminating	verb	15
elder	adj	15
dutch	adj	15
dug	verb	15
drums	noun	15
dragging	verb	15
dragged	verb	15
drag	verb	15
doorway	noun	15
domination	noun	15
divisions	noun	15
distress	noun	15
distinctions	noun	15
dissolved	verb	15
discouraged	verb	15
disapproval	noun	15
disappointment	noun	15
disappointed	verb	15
dimension	noun	15
devote	verb	15
deserted	verb	15
denominations	noun	15
deliberate	adj	15
defeated	verb	15
deemed	verb	15
decrease	verb	15
deals	verb	15
daylight	noun	15
dad	noun	15
da	noun	15
cubic	adj	15
crying	verb	15
cruel	adj	15
crude	adj	15
creature	noun	15
cracking	verb	15
cop	noun	15
coordination	noun	15
contributing	verb	15
contours	noun	15
contempt	noun	15
constructive	adj	15
considers	verb	15
connections	noun	15
competing	verb	15
comparatively	adv	15
commonplace	adj	15
commitments	noun	15
commands	noun	15
commanded	verb	15
collage	noun	15
coalition	noun	15
clue	noun	15
client	noun	15
clearer	adj	15
circumstance	noun	15
cemetery	noun	15
celebration	noun	15
cease	verb	15
carla	noun	15
cared	verb	15
cardinal	noun	15
cambridge	noun	15
cafeteria	noun	15
businessmen	noun	15
burton	noun	15
burn	verb	15
brooding	verb	15
bow	noun	15
bottles	noun	15
boost	noun	15
blast	noun	15
blackman	noun	15
berger	noun	15
bees	noun	15
beaten	verb	15
batting	verb	15
battens	noun	15
bathing	verb	15
bankers	noun	15
backs	noun	15
attraction	noun	15
associates	noun	15
assault	noun	15
arriving	verb	15
armies	noun	15
arguments	noun	15
apt	adj	15
apprentice	noun	15
anchor	noun	15
amy	noun	15
ambitions	noun	15
alter	verb	15
alongside	prep	15
agreements	noun	15
aegean	noun	15
advocate	noun	15
administrator	noun	15
actors	noun	15
achieving	verb	15
ace	noun	15
accustomed	verb	15
yarn	noun	14
yalta	noun	14
wrapped	verb	14
woke	verb	14
width	noun	14
welch	noun	14
weep	verb	14
wax	noun	14
vulnerable	adj	14
vocal	adj	14
vigor	noun	14
valued	verb	14
usage	noun	14
upset	verb	14
upright	noun	14
uniforms	noun	14
uncomfortable	adj	14
ultraviolet	adj	14
treats	verb	14
treasurer	noun	14
touches	noun	14
tickets	noun	14
thunder	noun	14
threats	noun	14
thoughtfully	adv	14
thou	pron	14
theodore	noun	14
territorial	adj	14
symptoms	noun	14
swore	verb	14
swiss	adj	14
sweater	noun	14
sustain	verb	14
surviving	verb	14
survived	verb	14
superiority	noun	14
superb	adj	14
sunset	noun	14
structured	verb	14
strips	noun	14
stopping	verb	14
stare	verb	14
speeds	noun	14
spectrum	noun	14
speakers	noun	14
solitary	adj	14
singular	adj	14
shoe	noun	14
shells	noun	14
shallow	adj	14
sensible	adj	14
sensation	noun	14
seeming	verb	14
scrutiny	noun	14
screwed	verb	14
scenery	noun	14
rupees	noun	14
ruin	noun	14
roger	noun	14
ripe	adj	14
revolver	noun	14
revelation	noun	14
retreat	noun	14
restored	verb	14
resonance	noun	14
requests	noun	14
relaxed	verb	14
regulation	noun	14
reforms	noun	14
python	noun	14
pursued	verb	14
purse	noun	14
publishing	verb	14
psychology	noun	14
protestants	noun	14
proteins	noun	14
protective	adj	14
prosperity	noun	14
prose	noun	14
proportional	adj	14
prone	adj	14
projected	verb	14
profitable	adj	14
producers	noun	14
proclamation	noun	14
pro	noun	14
presidents	noun	14
prescribed	verb	14
preferably	adv	14
polished	verb	14
plains	noun	14
pity	noun	14
pit	noun	14
pine	noun	14
pie	noun	14
pickup	noun	14
picking	verb	14
picasso	noun	14
pianist	noun	14
penetrating	adj	14
pending	adj	14
penalty	noun	14
paths	noun	14
pasture	noun	14
passenger	noun	14
paragraphs	noun	14
pairs	noun	14
pains	noun	14
painfully	adv	14
organs	noun	14
organize	verb	14
ordinarily	adv	14
oldest	adj	14
odor	noun	14
odds	noun	14
neon	noun	14
neighbor	noun	14
nearer	adv	14
nassau	noun	14
nails	noun	14
monopoly	noun	14
momentum	noun	14
mist	noun	14
minerals	noun	14
mild	adj	14
merits	noun	14
marty	noun	14
manpower	noun	14
lightning	noun	14
lever	noun	14
lend	verb	14
leap	verb	14
kentucky	noun	14
kent	noun	14
joan	noun	14
jessica	noun	14
irrelevant	adj	14
irenaeus	noun	14
invitations	noun	14
interstate	adj	14
intent	noun	14
intact	adj	14
instinct	noun	14
insect	noun	14
influential	adj	14
influences	noun	14
incidentally	adv	14
impersonal	adj	14
immense	adj	14
illuminated	verb	14
iliad	noun	14
husbands	noun	14
hopeless	adj	14
hodges	noun	14
hemisphere	noun	14
heater	noun	14
heap	noun	14
hawk	noun	14
hats	noun	14
harlem	noun	14
habitat	noun	14
gum	noun	14
grove	noun	14
grim	adj	14
greville	noun	14
gradient	noun	14
gods	noun	14
gloom	noun	14
generator	noun	14
garth	noun	14
garryowen	noun	14
fruits	noun	14
frightening	verb	14
framed	verb	14
foundations	noun	14
fork	noun	14
flung	verb	14
flights	noun	14
flames	noun	14
fix	verb	14
fists	noun	14
feathers	noun	14
feared	verb	14
favorably	adv	14
fastened	verb	14
fantasy	noun	14
fails	verb	14
executed	verb	14
exclaimed	verb	14
examiner	noun	14
evolution	noun	14
entertain	verb	14
enterprises	noun	14
engage	verb	14
encouragement	noun	14
emory	noun	14
emancipation	noun	14
eligible	adj	14
elegant	adj	14
eichmann	noun	14
egypt	noun	14
edythe	noun	14
driveway	noun	14
draws	verb	14
dominican	adj	14
divide	verb	14
dismissed	verb	14
dislike	noun	14
discretion	noun	14
disclosed	verb	14
dice	noun	14
diane	noun	14
diagonalizable	adj	14
deviation	noun	14
determines	verb	14
designers	noun	14
decomposition	noun	14
decay	noun	14
debut	noun	14
daughters	noun	14
dared	verb	14
daniel	noun	14
customary	adj	14
custom	noun	14
cups	noun	14
criticized	verb	14
crimes	noun	14
creek	noun	14
creator	noun	14
coupled	verb	14
counts	noun	14
countless	adj	14
corruption	noun	14
coordinated	verb	14
convicted	verb	14
conjugates	noun	14
congregational	adj	14
confederate	adj	14
conditioning	noun	14
conceive	verb	14
complexity	noun	14
complaint	noun	14
columbus	noun	14
clung	verb	14
climax	noun	14
classified	verb	14
chuck	noun	14
chill	noun	14
charcoal	noun	14
chancellor	noun	14
ceremonies	noun	14
centered	verb	14
celebrated	verb	14
carved	verb	14
careers	noun	14
capitalism	noun	14
capability	noun	14
cannery	noun	14
bush	noun	14
bull	noun	14
bubbles	noun	14
breeze	noun	14
brace	noun	14
boxes	noun	14
boundaries	noun	14
bothered	verb	14
borrowed	verb	14
bored	verb	14
blank	adj	14
beverly	noun	14
beowulf	noun	14
believing	verb	14
belgian	adj	14
beaches	noun	14
bastards	noun	14
bark	noun	14
bari	noun	14
bacterial	adj	14
auditorium	noun	14
attach	verb	14
arrow	noun	14
arises	verb	14
aqueous	adj	14
approve	verb	14
applause	noun	14
appearances	noun	14
appealing	adj	14
ap	noun	14
answering	verb	14
annually	adv	14
analyzed	verb	14
anaconda	noun	14
amusing	adj	14
amid	prep	14
amended	verb	14
alice	noun	14
afterwards	adv	14
affixed	verb	14
adventures	noun	14
adventure	noun	14
administered	verb	14
accommodate	verb	14
youngest	adj	13
yale	noun	13
wtv	noun	13
witnessed	verb	13
wires	noun	13
whoever	pron	13
waving	verb	13
walks	verb	13
vocabulary	noun	13
visitor	noun	13
virus	noun	13
vigorously	adv	13
utter	adj	13
unlimited	adj	13
unfair	adj	13
undue	adj	13
undertake	verb	13
understandable	adj	13
unaware	adj	13
u	noun	13
tumbled	verb	13
tub	noun	13
truman	noun	13
tries	verb	13
tribune	noun	13
transparent	adj	13
tower	noun	13
ton	noun	13
toilet	noun	13
tissues	noun	13
tips	noun	13
therapeutic	adj	13
thayer	noun	13
tempted	verb	13
taxed	verb	13
tappets	noun	13
sweeping	verb	13
suspicious	adj	13
survivors	noun	13
supplying	verb	13
sunny	adj	13
suggesting	verb	13
suburb	noun	13
subsection	noun	13
streetcar	noun	13
stimulation	noun	13
steep	adj	13
statutory	adj	13
statute	noun	13
static	adj	13
statewide	adj	13
standpoint	noun	13
stability	noun	13
squares	noun	13
spur	noun	13
sprang	verb	13
spokesmen	noun	13
spokesman	noun	13
spectators	noun	13
specimens	noun	13
sox	noun	13
solids	noun	13
solidarity	noun	13
smallest	adj	13
slightest	adj	13
slice	noun	13
skeletal	adj	13
sisters	noun	13
sinister	adj	13
singers	noun	13
sincerity	noun	13
shy	adj	13
shattered	verb	13
shades	noun	13
separately	adv	13
sentences	noun	13
sells	verb	13
sector	noun	13
sealed	verb	13
scream	verb	13
scotland	noun	13
satisfying	verb	13
sally	noun	13
safely	adv	13
rug	noun	13
rounds	noun	13
romance	noun	13
rocking	verb	13
rockets	noun	13
roar	noun	13
reviewed	verb	13
restrained	verb	13
restless	adj	13
resolve	verb	13
resident	noun	13
resemblance	noun	13
repetition	noun	13
remembers	verb	13
remedy	noun	13
rely	verb	13
relieve	verb	13
refrigeration	noun	13
receiver	noun	13
rebellion	noun	13
radically	adv	13
rabbi	noun	13
purple	adj	13
protested	verb	13
propose	verb	13
promoting	verb	13
prohibition	noun	13
progressed	verb	13
programing	verb	13
proclaim	verb	13
privately	adv	13
prayers	noun	13
praised	verb	13
posture	noun	13
portable	adj	13
politician	noun	13
plasma	noun	13
planners	noun	13
pint	noun	13
piepsam	noun	13
phosphor	noun	13
permanently	adv	13
performers	noun	13
perceive	verb	13
pepper	noun	13
pentagon	noun	13
pension	noun	13
patch	noun	13
participated	verb	13
paramagnetic	adj	13
pansies	noun	13
painters	noun	13
packard	noun	13
owns	verb	13
outset	noun	13
ordering	noun	13
opposing	verb	13
opponents	noun	13
omitted	verb	13
oklahoma	noun	13
oersted	noun	13
observing	verb	13
objections	noun	13
objected	verb	13
nursery	noun	13
null	adj	13
nuclei	noun	13
nonsense	noun	13
nighttime	adj	13
necessities	noun	13
nazi	noun	13
nam	noun	13
mythological	adj	13
mutually	adv	13
moonlight	noun	13
monstrous	adj	13
monitoring	verb	13
modified	verb	13
modernization	noun	13
mix	verb	13
miserable	adj	13
minnesota	noun	13
ministry	noun	13
methodist	adj	13
media	noun	13
mcclellan	noun	13
mays	noun	13
matches	noun	13
maps	noun	13
map	noun	13
manifold	noun	13
malraux	noun	13
ludie	noun	13
lucille	noun	13
lowest	adj	13
lou	noun	13
litigation	noun	13
linguist	noun	13
lime	noun	13
leveled	verb	13
lester	noun	13
lasting	verb	13
lantern	noun	13
lafayette	noun	13
kohnstamm	noun	13
journalism	noun	13
ironic	adj	13
ireland	noun	13
involvement	noun	13
investigators	noun	13
inventories	noun	13
invented	verb	13
invariant	adj	13
integral	adj	13
inspector	noun	13
insert	verb	13
insane	adj	13
inquirer	noun	13
inhabitants	noun	13
induced	verb	13
indiana	noun	13
incorporated	verb	13
incomplete	adj	13
incest	noun	13
imply	verb	13
implicit	adj	13
imperial	adj	13
imaginative	adj	13
illustrations	noun	13
idle	adj	13
ideology	noun	13
hymen	noun	13
hut	noun	13
hull	noun	13
hormone	noun	13
hino	noun	13
helen	noun	13
hart	noun	13
handy	adj	13
handicapped	verb	13
handful	noun	13
guaranteed	verb	13
grin	noun	13
greene	noun	13
grandma	noun	13
graduated	verb	13
gossip	noun	13
gospel	noun	13
gop	noun	13
globe	noun	13
glendora	noun	13
gifted	adj	13
gentile	noun	13
garibaldi	noun	13
fusion	noun	13
fur	noun	13
frieze	noun	13
frankly	adv	13
foreigners	noun	13
forcing	verb	13
fond	adj	13
fits	verb	13
files	noun	13
fictional	adj	13
fiat	noun	13
fearful	adj	13
farewell	noun	13
familiarity	noun	13
explaining	verb	13
experimentation	noun	13
expand	verb	13
exerted	verb	13
excellence	noun	13
exaggerated	verb	13
evaluate	verb	13
ethnic	adj	13
erect	adj	13
equilibrium	noun	13
enters	verb	13
enabling	verb	13
emotionally	adv	13
embrace	verb	13
elite	noun	13
electoral	adj	13
elderly	adj	13
ego	noun	13
ed	noun	13
earnestly	adv	13
eagerly	adv	13
dwelling	noun	13
dumb	adj	13
drainage	noun	13
dough	noun	13
doubtless	adv	13
dot	noun	13
doses	noun	13
document	noun	13
diversity	noun	13
diverse	adj	13
disposition	noun	13
differed	verb	13
dictatorship	noun	13
diagnosis	noun	13
detection	noun	13
derive	verb	13
deputies	noun	13
depreciation	noun	13
depot	noun	13
democrat	noun	13
defending	verb	13
defects	noun	13
deer	noun	13
deepest	adj	13
debt	noun	13
curtain	noun	13
curled	verb	13
curb	noun	13
cumulative	adj	13
cruelty	noun	13
creates	verb	13
couples	noun	13
correctly	adv	13
copper	noun	13
copernicus	noun	13
convey	verb	13
contradiction	noun	13
consumed	verb	13
consulting	verb	13
conservation	noun	13
cone	noun	13
conducting	verb	13
conditioner	noun	13
computer	noun	13
compulsivity	noun	13
composers	noun	13
completing	verb	13
compass	noun	13
communicate	verb	13
commitment	noun	13
colorado	noun	13
collecting	verb	13
collapsed	verb	13
cluster	noun	13
clarify	verb	13
chickens	noun	13
chewing	verb	13
cheeks	noun	13
charlotte	noun	13
champagne	noun	13
casually	adv	13
casework	noun	13
carpet	noun	13
cake	noun	13
buzz	noun	13
bursting	verb	13
buddy	noun	13
brutality	noun	13
breakdown	noun	13
boot	noun	13
blessed	verb	13
blade	noun	13
birmingham	noun	13
biography	noun	13
belonging	verb	13
behaved	verb	13
behave	verb	13
begged	verb	13
beating	verb	13
beams	noun	13
barbecue	noun	13
averaged	verb	13
autistic	adj	13
athabascan	noun	13
assets	noun	13
arlen	noun	13
argiento	noun	13
arch	noun	13
appealed	verb	13
antenna	noun	13
anderson	noun	13
analyses	noun	13
analogy	noun	13
aloud	adv	13
alcohol	noun	13
afternoons	noun	13
adopt	verb	13
adjoining	verb	13
adapted	verb	13
acute	adj	13
acid	noun	13
accelerated	verb	13
abundance	noun	13
absorb	verb	13
abilities	noun	13
youthful	adj	12
yielded	verb	12
yearly	adv	12
yang	noun	12
wrinkled	verb	12
winchester	noun	12
whisper	noun	12
whipped	verb	12
welcomed	verb	12
wealthy	adj	12
wayne	noun	12
watercolor	noun	12
violently	adv	12
villages	noun	12
vessels	noun	12
vapor	noun	12
urgency	noun	12
unwed	adj	12
unstructured	adj	12
unlocked	verb	12
undergoing	verb	12
unadjusted	adj	12
un	noun	12
twins	noun	12
turmoil	noun	12
turkish	adj	12
trujillo	noun	12
trot	noun	12
trigger	noun	12
tribes	noun	12
transferor	noun	12
trailers	noun	12
tracks	noun	12
traced	verb	12
tourists	noun	12
tory	noun	12
torrio	noun	12
titled	verb	12
tires	noun	12
tin	noun	12
tilted	verb	12
thy	pron	12
therapy	noun	12
theatrical	adj	12
terminate	verb	12
terminal	adj	12
tenure	noun	12
temptation	noun	12
temper	noun	12
technicians	noun	12
tar	noun	12
tank	noun	12
synthetic	adj	12
swollen	adj	12
switzerland	noun	12
swallowed	verb	12
suspension	noun	12
surveys	noun	12
supposedly	adv	12
summit	noun	12
successive	adj	12
stubborn	adj	12
strokes	noun	12
strengthening	verb	12
stray	adj	12
stones	noun	12
stockade	noun	12
stereotype	noun	12
stereo	noun	12
statesman	noun	12
staggered	verb	12
spark	noun	12
soviets	noun	12
sorts	noun	12
someday	adv	12
solemn	adj	12
sodium	noun	12
snap	verb	12
smoothly	adv	12
skies	noun	12
sizes	noun	12
sixteenth	det	12
single	noun	12
silk	noun	12
shelley	noun	12
shelf	noun	12
settlers	noun	12
sermon	noun	12
selkirk	noun	12
secant	noun	12
scratching	verb	12
sansom	noun	12
saloon	noun	12
salesman	noun	12
sail	verb	12
sadly	adv	12
russell	noun	12
rockefeller	noun	12
rival	adj	12
riders	noun	12
richmond	noun	12
richardson	noun	12
ribbon	noun	12
rhythms	noun	12
retention	noun	12
resultant	adj	12
restaurants	noun	12
resort	noun	12
requested	verb	12
recalls	verb	12
realizing	verb	12
reacted	verb	12
railway	noun	12
raced	verb	12
quaint	adj	12
purity	noun	12
purdew	noun	12
ptolemaic	adj	12
provinces	noun	12
promoted	verb	12
processed	verb	12
proceeding	verb	12
privacy	noun	12
pretending	verb	12
presumed	verb	12
premium	noun	12
prayed	verb	12
pray	verb	12
porous	adj	12
populated	verb	12
pops	noun	12
poles	noun	12
poised	verb	12
plow	noun	12
pleading	verb	12
pirates	noun	12
phony	adj	12
persians	noun	12
perceived	verb	12
peasants	noun	12
pearson	noun	12
patrolman	noun	12
passions	noun	12
passionate	adj	12
parochial	adj	12
paragraph	noun	12
paradise	noun	12
overall	adj	12
outline	noun	12
organ	noun	12
ominous	adj	12
nowadays	adv	12
nomination	noun	12
nod	noun	12
nitrogen	noun	12
ninety	det	12
nilpotent	adj	12
nigger	noun	12
nerve	noun	12
neglect	noun	12
nearing	verb	12
nazis	noun	12
murders	noun	12
monsieur	noun	12
monroe	noun	12
molded	verb	12
mining	verb	12
mineral	noun	12
mimesis	noun	12
microorganisms	noun	12
mexicans	noun	12
metaphysics	noun	12
mercenaries	noun	12
meltzer	noun	12
meats	noun	12
meantime	noun	12
mcfeeley	noun	12
max	noun	12
manned	verb	12
maker	noun	12
maids	noun	12
magical	adj	12
lyric	noun	12
lumumba	noun	12
luminous	adj	12
lousy	adj	12
louder	adj	12
loosely	adv	12
logically	adv	12
liquidation	noun	12
limp	adj	12
lighter	adj	12
lens	noun	12
leaf	noun	12
laying	verb	12
layer	noun	12
lately	adv	12
lasted	verb	12
landlord	noun	12
korea	noun	12
kicking	verb	12
ken	noun	12
joints	noun	12
joel	noun	12
jerked	verb	12
irony	noun	12
interviewed	verb	12
intersections	noun	12
interpretations	noun	12
intellectuals	noun	12
instituted	verb	12
installation	noun	12
inspect	verb	12
insoluble	adj	12
inning	noun	12
initiated	verb	12
infrared	adj	12
individualism	noun	12
indictment	noun	12
independently	adv	12
incentive	noun	12
impulses	noun	12
ignorant	adj	12
icy	adj	12
howe	noun	12
housed	verb	12
hopeful	adj	12
honorable	adj	12
honestly	adv	12
hollow	adj	12
holidays	noun	12
hetman	noun	12
herbert	noun	12
hazard	noun	12
harvest	noun	12
harsh	adj	12
hardened	verb	12
halted	verb	12
hairs	noun	12
guerrilla	noun	12
guam	noun	12
gripped	verb	12
grill	noun	12
grey	adj	12
grandfather	noun	12
gaze	noun	12
gauge	noun	12
gasoline	noun	12
garry	noun	12
gabriel	noun	12
furiously	adv	12
functioning	noun	12
fulfillment	noun	12
frowning	verb	12
freed	verb	12
fox	noun	12
formulaic	adj	12
foremost	adv	12
foliage	noun	12
focused	verb	12
fluorescence	noun	12
floors	noun	12
floating	verb	12
flies	noun	12
fifties	noun	12
feeds	verb	12
feathertop	noun	12
favorites	noun	12
fashionable	adj	12
faithful	adj	12
extends	verb	12
explore	verb	12
expended	verb	12
evidenced	verb	12
everyday	adj	12
essex	noun	12
equality	noun	12
episode	noun	12
entertaining	verb	12
enacted	verb	12
enabled	verb	12
employ	verb	12
elevator	noun	12
egg	noun	12
effected	verb	12
eaten	verb	12
earl	noun	12
dwight	noun	12
durable	adj	12
downstairs	adv	12
dolls	noun	12
distinctly	adv	12
discount	noun	12
dimly	adv	12
dill	noun	12
dies	verb	12
dialysis	noun	12
dialogue	noun	12
detected	verb	12
detached	verb	12
deserved	verb	12
deserve	verb	12
dependence	noun	12
dentist	noun	12
dental	adj	12
demographic	adj	12
delphine	noun	12
deficit	noun	12
defenses	noun	12
deduction	noun	12
deduct	verb	12
deciding	verb	12
decides	verb	12
debts	noun	12
deaf	adj	12
daring	verb	12
currency	noun	12
cultures	noun	12
crowds	noun	12
crossroads	noun	12
crest	noun	12
credited	verb	12
crashed	verb	12
counting	verb	12
couch	noun	12
correspondent	noun	12
cooper	noun	12
cooler	adj	12
convert	verb	12
controversial	adj	12
contraction	noun	12
contended	verb	12
consultant	noun	12
construct	verb	12
consciously	adv	12
congolese	adj	12
compounded	verb	12
compact	adj	12
comfortably	adv	12
combustion	noun	12
collaboration	noun	12
coincide	verb	12
coatings	noun	12
cm	noun	12
climb	verb	12
clergy	noun	12
cigarettes	noun	12
churchill	noun	12
chris	noun	12
choices	noun	12
challenging	adj	12
ceased	verb	12
cavity	noun	12
carryover	noun	12
cappy	noun	12
canyon	noun	12
cane	noun	12
calculation	noun	12
cab	noun	12
butt	noun	12
bubble	noun	12
bryan	noun	12
breaks	verb	12
brassnose	noun	12
borders	noun	12
boil	verb	12
bloom	noun	12
blocked	verb	12
blindness	noun	12
blew	verb	12
blades	noun	12
bits	noun	12
benjamin	noun	12
beethoven	noun	12
beds	noun	12
bastard	noun	12
baptized	verb	12
ballot	noun	12
bake	noun	12
babies	noun	12
attributes	noun	12
attendant	noun	12
attendance	noun	12
atlas	noun	12
aspirations	noun	12
ardent	adj	12
antique	noun	12
antigen	noun	12
antibody	noun	12
andrus	noun	12
andrew	noun	12
affirm	verb	12
advisers	noun	12
adolescent	noun	12
adjacent	adj	12
actively	adv	12
acquainted	verb	12
acknowledged	verb	12
acknowledge	verb	12
accounting	verb	12
absorption	noun	12
zone	noun	11
youths	noun	11
ye	pron	11
wonderfully	adv	11
wired	verb	11
winslow	noun	11
willingness	noun	11
willie	noun	11
wilderness	noun	11
wholesome	adj	11
wells	noun	11
weights	noun	11
wart	noun	11
warn	verb	11
walnut	noun	11
waking	verb	11
waist	noun	11
vivian	noun	11
violin	noun	11
viola	noun	11
vince	noun	11
venus	noun	11
vases	noun	11
varies	verb	11
vacant	adj	11
usefulness	noun	11
unusually	adv	11
unquestionably	adv	11
unprecedented	adj	11
uniformity	noun	11
unified	verb	11
unexpectedly	adv	11
underneath	prep	11
undergraduate	adj	11
unanimously	adv	11
tyranny	noun	11
twisting	verb	11
trusted	verb	11
tropical	adj	11
trivial	adj	11
treatments	noun	11
treating	verb	11
transfers	noun	11
trailer	noun	11
toys	noun	11
towering	verb	11
towels	noun	11
tony	noun	11
tomb	noun	11
timothy	noun	11
timing	noun	11
tide	noun	11
threaten	verb	11
thoughtful	adj	11
thirteen	det	11
thereto	adv	11
theaters	noun	11
testified	verb	11
tender	adj	11
tear	verb	11
teaches	verb	11
taxpayer	noun	11
taxation	noun	11
taliesin	noun	11
szold	noun	11
symbolized	verb	11
swelling	verb	11
surgeon	noun	11
subsequently	adv	11
subdivision	noun	11
strict	adj	11
strenuous	adj	11
streams	noun	11
strained	verb	11
squeeze	verb	11
squarely	adv	11
sprawled	verb	11
spit	verb	11
spinning	verb	11
spelman	noun	11
specify	verb	11
spaces	noun	11
sometime	adv	11
sociological	adj	11
snatched	verb	11
smiles	noun	11
sliding	verb	11
sleeve	noun	11
sigh	noun	11
showmanship	noun	11
shivering	verb	11
shifting	verb	11
shed	verb	11
shaken	verb	11
shaft	noun	11
sexes	noun	11
seventeenth	det	11
settling	verb	11
secured	verb	11
sculpture	noun	11
scriptures	noun	11
script	noun	11
schoolhouse	noun	11
satisfactorily	adv	11
sanitation	noun	11
sanction	noun	11
rubbing	verb	11
rotation	noun	11
rotating	verb	11
ross	noun	11
rolls	noun	11
ribs	noun	11
rhythmic	adj	11
revealing	verb	11
rev	noun	11
reunion	noun	11
retain	verb	11
restrict	verb	11
restraint	noun	11
restoration	noun	11
respected	verb	11
repaired	verb	11
rendering	verb	11
render	verb	11
rejects	verb	11
rejection	noun	11
regretted	verb	11
reef	noun	11
recover	verb	11
recordings	noun	11
reconstruction	noun	11
rake	noun	11
rabbit	noun	11
quint	noun	11
quantities	noun	11
pump	noun	11
pulley	noun	11
publishers	noun	11
psychologists	noun	11
proven	verb	11
protests	noun	11
protestantism	noun	11
proprietor	noun	11
prompt	adj	11
presidency	noun	11
preserves	noun	11
presbyterian	noun	11
preoccupied	verb	11
prejudice	noun	11
preacher	noun	11
poultry	noun	11
postwar	adj	11
posted	verb	11
possessions	noun	11
posse	noun	11
pose	verb	11
portions	noun	11
poorly	adv	11
pollen	noun	11
politically	adv	11
pohl	noun	11
plymouth	noun	11
plowing	verb	11
plea	noun	11
planted	verb	11
pituitary	adj	11
photographic	adj	11
philosophic	adj	11
phillips	noun	11
perfection	noun	11
pavement	noun	11
passive	adj	11
partial	adj	11
parish	noun	11
paradoxically	adv	11
palazzo	noun	11
paced	verb	11
overt	adj	11
outcomes	noun	11
orioles	noun	11
oriented	verb	11
oregon	noun	11
odyssey	noun	11
occupational	adj	11
obtainable	adj	11
nucleus	noun	11
noticeable	adj	11
nominal	adj	11
needless	adj	11
necessitated	verb	11
natives	noun	11
narrator	noun	11
nailed	verb	11
muffled	verb	11
mounting	verb	11
mound	noun	11
motivation	noun	11
mortar	noun	11
moritz	noun	11
moist	adj	11
ml	noun	11
misunderstanding	noun	11
ministers	noun	11
mill	noun	11
militia	noun	11
midwest	noun	11
michael	noun	11
meters	noun	11
memorable	adj	11
mckinley	noun	11
mcbride	noun	11
maxwell	noun	11
marvelous	adj	11
marking	verb	11
marines	noun	11
maria	noun	11
manufactured	verb	11
mainland	noun	11
mahzeer	noun	11
mahayana	noun	11
magnum	noun	11
log	noun	11
locating	verb	11
locally	adv	11
loading	noun	11
linguists	noun	11
limiting	verb	11
liking	noun	11
lengthy	adj	11
leisure	noun	11
kremlin	noun	11
korean	adj	11
kong	noun	11
kehl	noun	11
keen	adj	11
juice	noun	11
jimmy	noun	11
jastrow	noun	11
invite	verb	11
investigate	verb	11
invested	verb	11
introduce	verb	11
interpret	verb	11
interim	adj	11
intelligible	adj	11
integrated	verb	11
inorganic	adj	11
injuries	noun	11
infant	noun	11
infancy	noun	11
indifferent	adj	11
incidents	noun	11
incapable	adj	11
improves	verb	11
hub	noun	11
hong	noun	11
honeymoon	noun	11
hogan	noun	11
histories	noun	11
hiroshima	noun	11
hillsboro	noun	11
hideous	adj	11
hesperus	noun	11
herald	noun	11
haven	noun	11
hardware	noun	11
hardest	adj	11
happier	adj	11
hampshire	noun	11
gymnastics	noun	11
grimly	adv	11
greatness	noun	11
grasped	verb	11
graduation	noun	11
glaze	noun	11
gifts	noun	11
ghost	noun	11
ghetto	noun	11
generated	verb	11
furnace	noun	11
fulfilled	verb	11
frustration	noun	11
frighten	verb	11
freeman	noun	11
frantic	adj	11
framework	noun	11
forthcoming	adj	11
formulations	noun	11
formulated	verb	11
foregoing	verb	11
flush	adj	11
fixing	verb	11
finite	adj	11
ferry	noun	11
fatigue	noun	11
facility	noun	11
exports	noun	11
explored	verb	11
expenditure	noun	11
expectation	noun	11
exert	verb	11
eventual	adj	11
evaluated	verb	11
equitable	adj	11
epidemic	noun	11
enzymes	noun	11
entities	noun	11
entertained	verb	11
enlisted	verb	11
energies	noun	11
energetic	adj	11
endured	verb	11
enclosed	verb	11
embarrassing	verb	11
eloquent	adj	11
elevated	verb	11
elemental	adj	11
electrons	noun	11
eighty	det	11
edwin	noun	11
economically	adv	11
eccentric	adj	11
easter	noun	11
dylan	noun	11
duration	noun	11
duke	noun	11
drum	noun	11
drifting	verb	11
dreaming	verb	11
drastic	adj	11
dozens	noun	11
doubled	verb	11
dots	noun	11
dose	noun	11
dominance	noun	11
dodge	noun	11
distorted	verb	11
disliked	verb	11
disguised	verb	11
discrepancy	noun	11
disciplined	verb	11
disarmament	noun	11
disappear	verb	11
disagreement	noun	11
dimensional	adj	11
dillon	noun	11
develops	verb	11
descent	noun	11
depressed	verb	11
delegation	noun	11
deficiency	noun	11
deductions	noun	11
declares	verb	11
dash	noun	11
cylindrical	adj	11
cursed	verb	11
curse	noun	11
curiously	adv	11
cult	noun	11
cubism	noun	11
crombie	noun	11
criticisms	noun	11
criterion	noun	11
criteria	noun	11
crept	verb	11
crawl	verb	11
counterparts	noun	11
cooperate	verb	11
convincing	adj	11
contrasts	noun	11
contrasting	verb	11
consult	verb	11
constitutes	verb	11
constituted	verb	11
congruence	noun	11
confess	verb	11
conclusive	adj	11
concerto	noun	11
concentrate	verb	11
conceivable	adj	11
conceded	verb	11
computing	verb	11
comprise	verb	11
compound	noun	11
complain	verb	11
compilation	noun	11
compartment	noun	11
communion	noun	11
commissions	noun	11
commercially	adv	11
commanding	verb	11
coincidence	noun	11
cohesive	adj	11
coexistence	noun	11
climbing	verb	11
cliff	noun	11
claude	noun	11
civilized	verb	11
chronic	adj	11
choosing	verb	11
childish	adj	11
cheaper	adj	11
chambers	noun	11
census	noun	11
cement	noun	11
catastrophe	noun	11
carriers	noun	11
carriage	noun	11
calmly	adv	11
calf	noun	11
calendars	noun	11
calcium	noun	11
buys	verb	11
burial	noun	11
brumidi	noun	11
bronze	noun	11
breast	noun	11
boulevard	noun	11
boredom	noun	11
blond	adj	11
blankets	noun	11
beneficial	adj	11
beg	verb	11
bee	noun	11
baroque	adj	11
barnett	noun	11
barbed	verb	11
bands	noun	11
awkward	adj	11
avoiding	verb	11
autonomic	adj	11
australia	noun	11
assistants	noun	11
assemblies	noun	11
ash	noun	11
artillery	noun	11
array	noun	11
arising	verb	11
architecture	noun	11
arched	verb	11
archaeology	noun	11
approximate	adj	11
appropriated	verb	11
apprehension	noun	11
appreciated	verb	11
appetite	noun	11
anticipate	verb	11
anglican	adj	11
angles	noun	11
ambiguity	noun	11
amazed	verb	11
alternate	adj	11
albany	noun	11
airplane	noun	11
aided	verb	11
agrees	verb	11
agreeable	adj	11
afforded	verb	11
aerator	noun	11
adverse	adj	11
adoption	noun	11
adopting	verb	11
adjusting	verb	11
acrylic	noun	11
acreage	noun	11
acquiring	verb	11
accumulation	noun	11
zinc	noun	10
wrist	noun	10
wool	noun	10
witty	adj	10
wipe	verb	10
whirling	verb	10
wheeled	verb	10
weird	adj	10
waterfront	noun	10
warsaw	noun	10
warmed	verb	10
wales	noun	10
waiter	noun	10
void	noun	10
vitamins	noun	10
viscosity	noun	10
viewing	verb	10
veto	noun	10
vent	noun	10
vengeance	noun	10
vegetable	noun	10
vastly	adv	10
vain	adj	10
vagina	noun	10
va	noun	10
utilized	verb	10
utilize	verb	10
urging	verb	10
unite	verb	10
uniquely	adv	10
unfamiliar	adj	10
undesirable	adj	10
undergone	verb	10
underdeveloped	adj	10
unconsciously	adv	10
typewriter	noun	10
twenties	noun	10
turnpikes	noun	10
tunnel	noun	10
tune	noun	10
trig	noun	10
tremendously	adv	10
tremble	verb	10
transducer	noun	10
traditionally	adv	10
tours	noun	10
tougher	adj	10
tops	noun	10
topics	noun	10
token	adj	10
todman	noun	10
thumb	noun	10
thesis	noun	10
thermometer	noun	10
theft	noun	10
tents	noun	10
tastes	noun	10
tasted	verb	10
tackle	noun	10
systematically	adv	10
sweden	noun	10
swear	verb	10
swallow	verb	10
sunrise	noun	10
summoned	verb	10
subsystems	noun	10
subsistence	noun	10
sturley	noun	10
strode	verb	10
streak	noun	10
stole	verb	10
steichen	noun	10
steak	noun	10
stains	noun	10
stacy	noun	10
spreads	verb	10
sponsors	noun	10
specificity	noun	10
specialization	noun	10
spatial	adj	10
spade	noun	10
sore	adj	10
solidly	adv	10
slug	noun	10
slaughter	noun	10
slate	noun	10
slashed	verb	10
skorich	noun	10
sings	verb	10
singled	verb	10
singer	noun	10
simplest	adj	10
simmons	noun	10
shea	noun	10
sewing	verb	10
sewer	noun	10
serene	adj	10
sensations	noun	10
senators	noun	10
seminary	noun	10
semester	noun	10
segregation	noun	10
segments	noun	10
segment	noun	10
seeks	verb	10
sectors	noun	10
secede	verb	10
seas	noun	10
screws	noun	10
screens	noun	10
scottish	adj	10
schedules	noun	10
scars	noun	10
scar	noun	10
scanned	verb	10
sandwich	noun	10
sands	noun	10
sailed	verb	10
rustling	verb	10
rust	noun	10
rusk	noun	10
rushing	verb	10
rotary	adj	10
romans	noun	10
rocky	adj	10
robbery	noun	10
robbed	verb	10
roast	noun	10
riverside	noun	10
risen	verb	10
ringing	verb	10
rides	noun	10
richards	noun	10
revulsion	noun	10
reviewing	verb	10
retrieved	verb	10
restrain	verb	10
reservoir	noun	10
representations	noun	10
replies	noun	10
relevance	noun	10
reject	verb	10
reinforce	verb	10
regulus	noun	10
refusing	verb	10
refrain	verb	10
recruit	verb	10
recognizing	verb	10
recognizes	verb	10
reared	verb	10
ration	noun	10
rating	noun	10
ranges	noun	10
ramsey	noun	10
rally	noun	10
raid	noun	10
rag	noun	10
radioactive	adj	10
queens	noun	10
puzzle	noun	10
purified	verb	10
psychologist	noun	10
prostitution	noun	10
projections	noun	10
professionals	noun	10
privileges	noun	10
privileged	adj	10
prints	noun	10
principally	adv	10
princess	noun	10
prevents	verb	10
preventing	verb	10
presiding	verb	10
preserving	verb	10
presenting	verb	10
prediction	noun	10
pratt	noun	10
pork	noun	10
pony	noun	10
polynomials	noun	10
polls	noun	10
politely	adv	10
polaris	noun	10
poison	noun	10
plotted	verb	10
pleasing	adj	10
pleasantly	adv	10
pious	adj	10
phonologic	adj	10
philharmonic	noun	10
persisted	verb	10
persian	adj	10
perfume	noun	10
pedersen	noun	10
patronage	noun	10
patriotic	adj	10
patriot	noun	10
pathet	noun	10
patches	noun	10
paste	noun	10
paso	noun	10
paints	noun	10
oxen	noun	10
owe	verb	10
outward	adv	10
oily	adj	10
occurrences	noun	10
obstacle	noun	10
norm	noun	10
nonetheless	adv	10
nickname	noun	10
newman	noun	10
neurotic	adj	10
negotiate	verb	10
negligible	adj	10
nationally	adv	10
muzzle	noun	10
museums	noun	10
multiply	verb	10
muddy	adj	10
mouse	noun	10
mosque	noun	10
mortal	adj	10
mornings	noun	10
montero	noun	10
monks	noun	10
moisture	noun	10
mob	noun	10
mixing	verb	10
mister	noun	10
missionaries	noun	10
misleading	verb	10
misfortune	noun	10
miscellaneous	adj	10
mice	noun	10
messenger	noun	10
merge	verb	10
mercury	noun	10
melodies	noun	10
megatons	noun	10
meeker	noun	10
meek	noun	10
mates	noun	10
mastery	noun	10
masterpiece	noun	10
marital	adj	10
marina	noun	10
marijuana	noun	10
margin	noun	10
margaret	noun	10
managerial	adj	10
majestic	adj	10
majdanek	noun	10
magnification	noun	10
lunar	adj	10
luggage	noun	10
lucien	noun	10
lovers	noun	10
looming	verb	10
longing	noun	10
loads	noun	10
lloyd	noun	10
littlepage	noun	10
listener	noun	10
linguistic	adj	10
limitation	noun	10
lilly	noun	10
likelihood	noun	10
lifetime	noun	10
licked	verb	10
leonard	noun	10
legends	noun	10
lease	noun	10
learns	verb	10
layers	noun	10
lauren	noun	10
launch	verb	10
larkin	noun	10
knit	verb	10
kennings	noun	10
keelson	noun	10
k	noun	10
julie	noun	10
journalist	noun	10
jaws	noun	10
istiqlal	noun	10
isaac	noun	10
irradiation	noun	10
intricate	adj	10
intensely	adv	10
integrity	noun	10
insulation	noun	10
instrumental	adj	10
instinctively	adv	10
insists	verb	10
ingenious	adj	10
indignant	adj	10
indebted	adj	10
implication	noun	10
imperative	adj	10
impatient	adj	10
impatience	noun	10
immigration	noun	10
immigrants	noun	10
imagery	noun	10
identities	noun	10
ideally	adv	10
hysterical	adj	10
hunt	noun	10
huff	noun	10
huddled	verb	10
honesty	noun	10
holster	noun	10
hip	noun	10
hints	noun	10
hesitate	verb	10
herr	noun	10
herman	noun	10
hebrew	noun	10
hazards	noun	10
hawksley	noun	10
harness	noun	10
hansen	noun	10
halt	verb	10
halfback	noun	10
hail	verb	10
guiding	verb	10
grief	noun	10
gram	noun	10
graceful	adj	10
gordon	noun	10
goldberg	noun	10
goddamn	adj	10
glowing	verb	10
gigantic	adj	10
genuinely	adv	10
generals	noun	10
frustrated	verb	10
framing	verb	10
fragments	noun	10
fragile	adj	10
founder	noun	10
fosdick	noun	10
forum	noun	10
forge	noun	10
forecast	verb	10
folly	noun	10
flock	noun	10
fleeing	verb	10
finals	noun	10
fertility	noun	10
feminine	adj	10
favors	noun	10
fake	adj	10
extensively	adv	10
expressway	noun	10
export	noun	10
exhibited	verb	10
exceeds	verb	10
evans	noun	10
eromonga	noun	10
ernest	noun	10
equations	noun	10
entity	noun	10
ensemble	noun	10
enjoys	verb	10
enduring	verb	10
employing	verb	10
emma	noun	10
embodiment	noun	10
ellen	noun	10
elephants	noun	10
elegance	noun	10
eleanor	noun	10
elbow	noun	10
educator	noun	10
editorials	noun	10
editions	noun	10
echo	noun	10
earthy	adj	10
dumont	noun	10
duly	adv	10
drilling	verb	10
drexel	noun	10
dresses	noun	10
dreadful	adj	10
drastically	adv	10
dramatically	adv	10
doomed	verb	10
doll	noun	10
ditch	noun	10
disturbance	noun	10
disturb	verb	10
distributions	noun	10
distilled	verb	10
discoveries	noun	10
discourse	noun	10
disabled	verb	10
diminished	verb	10
dig	verb	10
differs	verb	10
dialect	noun	10
diagram	noun	10
diagnostic	adj	10
devoting	verb	10
detect	verb	10
descriptions	noun	10
descending	verb	10
deposited	verb	10
departing	verb	10
denying	verb	10
del	noun	10
defining	verb	10
deficiencies	noun	10
defendants	noun	10
declaring	verb	10
decency	noun	10
deceased	adj	10
deadlock	noun	10
danced	verb	10
cultivated	verb	10
crushed	verb	10
creep	verb	10
counseling	noun	10
costume	noun	10
coordinate	verb	10
cooperatives	noun	10
cooked	verb	10
convertible	adj	10
conversations	noun	10
contributes	verb	10
container	noun	10
consultation	noun	10
constituents	noun	10
conservatism	noun	10
consecutive	adj	10
conscientious	adj	10
conrad	noun	10
conjugate	noun	10
congressmen	noun	10
confronting	verb	10
conform	verb	10
concord	noun	10
conceivably	adv	10
comrades	noun	10
compulsive	adj	10
compositions	noun	10
compiled	verb	10
competitors	noun	10
commuter	noun	10
commute	verb	10
commercials	noun	10
combining	verb	10
coin	noun	10
coats	noun	10
coarse	adj	10
clues	noun	10
clients	noun	10
clergyman	noun	10
cites	verb	10
cigar	noun	10
chester	noun	10
cheerful	adj	10
champions	noun	10
chains	noun	10
cellulose	noun	10
cautious	adj	10
cathode	noun	10
carmer	noun	10
caring	verb	10
calhoun	noun	10
calculations	noun	10
buttons	noun	10
button	noun	10
bushes	noun	10
bumblebees	noun	10
brodie	noun	10
brenner	noun	10
brandt	noun	10
bounds	noun	10
boulder	noun	10
boris	noun	10
bolt	noun	10
boiled	verb	10
blooming	verb	10
bloc	noun	10
blessing	noun	10
bleak	adj	10
bite	verb	10
begging	verb	10
bearded	verb	10
baton	noun	10
barbara	noun	10
balloon	noun	10
bags	noun	10
bacon	noun	10
awfully	adv	10
avocado	noun	10
averages	noun	10
autocoder	noun	10
assuring	verb	10
assessing	verb	10
asian	adj	10
arrange	verb	10
arguing	verb	10
argues	verb	10
applicants	noun	10
appendix	noun	10
anionic	adj	10
anchored	verb	10
analyze	verb	10
amazement	noun	10
allotted	verb	10
allotments	noun	10
alleged	verb	10
albumin	noun	10
akin	adj	10
airplanes	noun	10
aia	noun	10
aggression	noun	10
advancement	noun	10
ads	noun	10
admire	verb	10
admiration	noun	10
admirable	adj	10
adds	verb	10
adaptation	noun	10
acre	noun	10
accuse	verb	10
accumulated	verb	10
accomplishments	noun	10
abolition	noun	10
abandonment	noun	10
zoo	noun	9
yielding	verb	9
yell	noun	9
wyoming	noun	9
wrath	noun	9
woven	verb	9
worldly	adj	9
workable	adj	9
withdrew	verb	9
wisman	noun	9
wishful	adj	9
winding	verb	9
willow	noun	9
wicked	adj	9
wheat	noun	9
wept	verb	9
weighing	verb	9
warnings	noun	9
warming	verb	9
walton	noun	9
volunteer	noun	9
voluntarily	adv	9
voltaire	noun	9
vividly	adv	9
vitally	adv	9
vinegar	noun	9
versus	prep	9
versions	noun	9
verses	noun	9
vacations	noun	9
utilization	noun	9
untouched	adj	9
unsuccessful	adj	9
unpaid	adj	9
unimportant	adj	9
unification	noun	9
unhappily	adv	9
undergraduates	noun	9
unchanged	adj	9
turkey	noun	9
trustee	noun	9
trio	noun	9
trifle	noun	9
trades	noun	9
traces	noun	9
toynbee	noun	9
towne	noun	9
toss	verb	9
tortured	verb	9
topic	noun	9
tonal	adj	9
tolerant	adj	9
tolerance	noun	9
toe	noun	9
timely	adj	9
timed	verb	9
thor	noun	9
thigh	noun	9
thieves	noun	9
therein	adv	9
theologians	noun	9
texans	noun	9
territories	noun	9
terrace	noun	9
tenants	noun	9
technically	adv	9
tearing	verb	9
taxing	verb	9
tan	adj	9
tailored	verb	9
symposium	noun	9
symbolize	verb	9
syllables	noun	9
sweetheart	noun	9
swayed	verb	9
surveyed	verb	9
surge	noun	9
supplementary	adj	9
superbly	adv	9
sundays	noun	9
summarized	verb	9
sullen	adj	9
suggestive	adj	9
suds	noun	9
subordinates	noun	9
stretches	noun	9
stimulating	adj	9
stillness	noun	9
stiffly	adv	9
sticky	adj	9
sterile	adj	9
stepping	verb	9
steering	verb	9
steer	noun	9
steeple	noun	9
stacked	verb	9
stack	noun	9
spy	noun	9
sporting	verb	9
spontaneously	adv	9
sped	verb	9
spectator	noun	9
specifications	noun	9
specially	adv	9
spat	verb	9
spared	verb	9
spacious	adj	9
sorrow	noun	9
sonata	noun	9
soloist	noun	9
solemnly	adv	9
soaking	verb	9
snapping	verb	9
smoked	verb	9
smells	verb	9
slower	adj	9
slack	adj	9
slab	noun	9
skinny	adj	9
skillful	adj	9
skiff	noun	9
simultaneous	adj	9
simplify	verb	9
simplified	verb	9
similarity	noun	9
sidney	noun	9
shores	noun	9
shaw	noun	9
shaved	verb	9
shann	noun	9
settings	noun	9
sensory	adj	9
secretaries	noun	9
secrecy	noun	9
searched	verb	9
seams	noun	9
seam	noun	9
scrub	verb	9
scratch	noun	9
scrambled	verb	9
schweitzer	noun	9
scholastic	adj	9
schaffner	noun	9
scenic	adj	9
saviour	noun	9
savannah	noun	9
satire	noun	9
sanctuary	noun	9
sanctions	noun	9
salter	noun	9
salad	noun	9
rulers	noun	9
rookie	noun	9
rogers	noun	9
roebuck	noun	9
roaring	verb	9
ritter	noun	9
revisions	noun	9
reviews	noun	9
retire	verb	9
retains	verb	9
resumption	noun	9
restore	verb	9
resource	noun	9
resisted	verb	9
resin	noun	9
resigned	verb	9
reservations	noun	9
resembles	verb	9
reportedly	adv	9
replacing	verb	9
repeating	verb	9
reins	noun	9
regret	verb	9
redcoats	noun	9
recovered	verb	9
reconnaissance	noun	9
reckless	adj	9
ratings	noun	9
rated	verb	9
rankin	noun	9
randolph	noun	9
rails	noun	9
ragged	adj	9
radius	noun	9
radiopasteurization	noun	9
rack	noun	9
quill	noun	9
questionable	adj	9
quartet	noun	9
quantitative	adj	9
quacks	noun	9
quack	noun	9
puzzling	adj	9
pursuing	verb	9
pulse	noun	9
pulls	verb	9
publisher	noun	9
provincial	adj	9
proudly	adv	9
prosecution	noun	9
proprietorship	noun	9
proportionately	adv	9
proportionate	adj	9
projection	noun	9
proclaimed	verb	9
prevot	noun	9
presses	noun	9
preoccupation	noun	9
preference	noun	9
predispositions	noun	9
precipitated	verb	9
precedent	noun	9
pouring	verb	9
potent	adj	9
postponed	verb	9
positively	adv	9
poll	noun	9
plywood	noun	9
plumbing	noun	9
pineapple	noun	9
pilgrimage	noun	9
pigment	noun	9
picturesque	adj	9
picket	noun	9
phoenix	noun	9
philosophers	noun	9
persuasion	noun	9
persistence	noun	9
permitting	verb	9
periodic	adj	9
perceptions	noun	9
pennant	noun	9
peninsula	noun	9
pelts	noun	9
peering	verb	9
pearl	noun	9
pbs	noun	9
patrons	noun	9
patiently	adv	9
pathological	adj	9
pastern	noun	9
partlow	noun	9
paramount	adj	9
paradox	noun	9
par	noun	9
pants	noun	9
panting	verb	9
pamphlets	noun	9
palatability	noun	9
overcast	noun	9
outright	adj	9
outlet	noun	9
othon	noun	9
oscar	noun	9
orthodontist	noun	9
orthodontic	adj	9
ordinance	noun	9
orbits	noun	9
offset	verb	9
oddly	adv	9
occupants	noun	9
obtaining	verb	9
obedience	noun	9
numbered	verb	9
notices	noun	9
norton	noun	9
nightmare	noun	9
nicely	adv	9
nephew	noun	9
narrowed	verb	9
nagging	verb	9
murdered	verb	9
municipalities	noun	9
muller	noun	9
motivated	verb	9
moss	noun	9
moses	noun	9
mortality	noun	9
morphophonemics	noun	9
monkey	noun	9
monetary	adj	9
molecules	noun	9
minneapolis	noun	9
miniature	noun	9
milwaukee	noun	9
metallic	adj	9
menace	noun	9
melted	verb	9
melancholy	noun	9
mask	noun	9
marvin	noun	9
marched	verb	9
manual	adj	9
manifestations	noun	9
manifest	adj	9
malaise	noun	9
maine	noun	9
luis	noun	9
lounge	noun	9
loneliness	noun	9
locker	noun	9
lessened	verb	9
lazy	adj	9
latent	adj	9
larry	noun	9
laboratories	noun	9
labeled	verb	9
kirov	noun	9
kirby	noun	9
kearton	noun	9
kayabashi	noun	9
karl	noun	9
jupiter	noun	9
jubal	noun	9
jokes	noun	9
jenkins	noun	9
ivy	noun	9
irresponsible	adj	9
irregular	adj	9
ions	noun	9
inward	adv	9
involution	noun	9
invasions	noun	9
introducing	verb	9
interlocking	verb	9
interfere	verb	9
intercourse	noun	9
institutional	adj	9
inspiration	noun	9
inn	noun	9
ingredients	noun	9
industrialized	verb	9
indulge	verb	9
induce	verb	9
indonesia	noun	9
indignation	noun	9
indies	noun	9
indicators	noun	9
incurred	verb	9
impurities	noun	9
impose	verb	9
impatiently	adv	9
immensely	adv	9
illumination	noun	9
ills	noun	9
illegal	adj	9
hymn	noun	9
hungarian	adj	9
humans	noun	9
hose	noun	9
horizontal	adj	9
hoot	noun	9
homely	adj	9
holden	noun	9
hohlbein	noun	9
hint	noun	9
hillside	noun	9
hierarchy	noun	9
hengesbach	noun	9
heel	noun	9
heavens	noun	9
heavenly	adj	9
heartily	adv	9
hauled	verb	9
hastened	verb	9
haste	noun	9
harriet	noun	9
hardship	noun	9
handles	verb	9
handkerchief	noun	9
han	noun	9
hammer	noun	9
hague	noun	9
guts	noun	9
guides	noun	9
guarding	verb	9
guardian	noun	9
guarantee	noun	9
grunted	verb	9
groupings	noun	9
grotesque	adj	9
grosse	noun	9
grocery	noun	9
grips	noun	9
grease	noun	9
graves	noun	9
gravel	noun	9
gratitude	noun	9
grandmother	noun	9
gran	noun	9
grammatical	adj	9
gracious	adj	9
gonzales	noun	9
glove	noun	9
gland	noun	9
germanic	adj	9
geometry	noun	9
generators	noun	9
generalized	verb	9
gene	noun	9
gazette	noun	9
garson	noun	9
garland	noun	9
furnishings	noun	9
fundamentally	adv	9
fulfill	verb	9
freud	noun	9
formulate	verb	9
format	noun	9
forecasting	verb	9
forbes	noun	9
foamed	verb	9
flooded	verb	9
flashes	noun	9
finishing	verb	9
filter	noun	9
filly	noun	9
fighter	noun	9
fifteenth	det	9
fiedler	noun	9
facets	noun	9
eyebrows	noun	9
extruded	verb	9
extremes	noun	9
extracted	verb	9
expresses	verb	9
exploited	verb	9
exploit	verb	9
existential	adj	9
executives	noun	9
evils	noun	9
evangelism	noun	9
etcetera	adv	9
esther	noun	9
escort	noun	9
enrolled	verb	9
enormously	adv	9
engendered	verb	9
enforce	verb	9
enchanting	adj	9
enables	verb	9
employs	verb	9
eminent	adj	9
emerges	verb	9
elimination	noun	9
electrostatic	adj	9
elec	noun	9
elders	noun	9
efficacy	noun	9
eden	noun	9
ecclesiastical	adj	9
earthquakes	noun	9
earthquake	noun	9
earning	verb	9
dusk	noun	9
dumped	verb	9
dulles	noun	9
duck	verb	9
dual	adj	9
drifted	verb	9
dread	noun	9
draped	verb	9
douglass	noun	9
doubted	verb	9
domain	noun	9
dogtown	noun	9
docherty	noun	9
distal	adj	9
dissatisfaction	noun	9
discourage	verb	9
disclose	verb	9
discharges	noun	9
discharged	verb	9
disadvantages	noun	9
dinners	noun	9
dictates	noun	9
developmental	adj	9
destined	verb	9
destination	noun	9
designing	verb	9
derives	verb	9
deposit	noun	9
depended	verb	9
departed	verb	9
dense	adj	9
denoted	verb	9
denominational	adj	9
demon	noun	9
delivering	verb	9
declining	verb	9
declarative	adj	9
dazzling	verb	9
cynical	adj	9
currents	noun	9
creativity	noun	9
cousins	noun	9
coupling	verb	9
counterpart	noun	9
corrected	verb	9
cork	noun	9
coombs	noun	9
conveyed	verb	9
conversely	adv	9
conventions	noun	9
controller	noun	9
contention	noun	9
consumers	noun	9
constants	noun	9
consonantal	adj	9
consolidation	noun	9
conquest	noun	9
conflicts	noun	9
confederacy	noun	9
condensed	verb	9
conceptions	noun	9
concentrations	noun	9
compressed	verb	9
comparing	verb	9
comic	adj	9
cologne	noun	9
colleague	noun	9
collaborated	verb	9
coins	noun	9
closest	adj	9
clerical	adj	9
cleaner	noun	9
clause	noun	9
classics	noun	9
circled	verb	9
cincinnati	noun	9
chromatography	noun	9
chromatic	adj	9
christiana	noun	9
choke	verb	9
chocolate	noun	9
chef	noun	9
cheese	noun	9
charts	noun	9
challenged	verb	9
chairmen	noun	9
ceramic	adj	9
centralized	verb	9
cave	noun	9
cautiously	adv	9
catching	verb	9
carrier	noun	9
carnival	noun	9
cares	verb	9
carefree	adj	9
campers	noun	9
cameras	noun	9
cage	noun	9
cadillac	noun	9
byrd	noun	9
butyrate	noun	9
businessman	noun	9
bulky	adj	9
buddhism	noun	9
bud	noun	9
brood	noun	9
bronx	noun	9
bronchioles	noun	9
broadening	verb	9
broadcasting	verb	9
brilliantly	adv	9
breathed	verb	9
breasts	noun	9
braque	noun	9
bounded	verb	9
bouncing	verb	9
borrow	verb	9
boiling	verb	9
blunt	adj	9
blown	verb	9
bless	verb	9
blend	noun	9
blatz	noun	9
bin	noun	9
bienville	noun	9
berry	noun	9
bernard	noun	9
bermuda	noun	9
beginnings	noun	9
beans	noun	9
battered	verb	9
basketball	noun	9
barrier	noun	9
barnes	noun	9
badness	noun	9
awoke	verb	9
await	verb	9
averaging	verb	9
australian	noun	9
augmented	verb	9
attractions	noun	9
attorneys	noun	9
attainment	noun	9
attacking	verb	9
atmospheric	adj	9
athletics	noun	9
athlete	noun	9
assigning	verb	9
assessed	verb	9
assemble	verb	9
arizona	noun	9
appropriations	noun	9
apportionment	noun	9
apple	noun	9
appalling	adj	9
anxiously	adv	9
antibodies	noun	9
antagonism	noun	9
annoyance	noun	9
anecdote	noun	9
anatomy	noun	9
anatomical	adj	9
analytical	adj	9
amused	verb	9
alveolar	adj	9
alumni	noun	9
ally	noun	9
aide	noun	9
agony	noun	9
aerated	verb	9
advise	verb	9
advertised	verb	9
admissible	adj	9
adherence	noun	9
addressing	verb	9
additions	noun	9
acquaintance	noun	9
accord	noun	9
accidental	adj	9
accent	noun	9
abundant	adj	9
zing	noun	8
zeal	noun	8
yourselves	pron	8
youngster	noun	8
yin	noun	8
wreck	noun	8
wreath	noun	8
wounds	noun	8
worthwhile	adj	8
workbench	noun	8
wonders	noun	8
wolfe	noun	8
withholding	noun	8
withheld	verb	8
withdraw	verb	8
witches	noun	8
wisely	adv	8
wiry	adj	8
wins	verb	8
winner	noun	8
winked	verb	8
whereof	adv	8
westward	adv	8
weston	noun	8
wendell	noun	8
weeping	verb	8
weaker	adj	8
warmly	adv	8
wardrobe	noun	8
wandered	verb	8
wander	verb	8
vines	noun	8
victorian	adj	8
victoria	noun	8
veranda	noun	8
veil	noun	8
vecchio	noun	8
varieties	noun	8
utilizing	verb	8
usable	adj	8
urges	verb	8
urbanization	noun	8
upside	adv	8
unstable	adj	8
unsatisfactory	adj	8
unnatural	adj	8
unitarian	adj	8
undermine	verb	8
undergo	verb	8
unconcerned	adj	8
uncommon	adj	8
umbrella	noun	8
ultrasonic	adj	8
turtle	noun	8
tumors	noun	8
trunk	noun	8
trophy	noun	8
triumphantly	adv	8
tricks	noun	8
travelers	noun	8
traveler	noun	8
traps	noun	8
transmitted	verb	8
trailed	verb	8
trader	noun	8
traded	verb	8
thyroxine	noun	8
thrusting	verb	8
thornburg	noun	8
thief	noun	8
themes	noun	8
thanksgiving	noun	8
testify	verb	8
terrain	noun	8
termination	noun	8
telegram	noun	8
tech	noun	8
teamsters	noun	8
taxable	adj	8
taut	adj	8
tangle	noun	8
tactual	adj	8
tactical	adj	8
sympathies	noun	8
symbolism	noun	8
swadesh	noun	8
surveying	verb	8
surroundings	noun	8
supporters	noun	8
supplements	noun	8
superstition	noun	8
sunshine	noun	8
sullivan	noun	8
sucking	verb	8
succeeds	verb	8
subdued	verb	8
stupidity	noun	8
stunned	verb	8
stumbling	verb	8
struggled	verb	8
strikingly	adv	8
stravinsky	noun	8
strasbourg	noun	8
strangers	noun	8
strangely	adv	8
strains	noun	8
straightforward	adj	8
stormy	adj	8
stops	noun	8
stool	noun	8
stiffened	verb	8
sticking	verb	8
statues	noun	8
statesmen	noun	8
stamp	verb	8
staircase	noun	8
stag	noun	8
staffs	noun	8
sprung	verb	8
spraying	verb	8
spoilage	noun	8
spirited	verb	8
spiral	noun	8
spindle	noun	8
spherical	adj	8
spends	verb	8
speculative	adj	8
spaced	verb	8
southward	adv	8
southerner	noun	8
sorbed	verb	8
sophistication	noun	8
solving	verb	8
snarled	verb	8
smoking	verb	8
slums	noun	8
slumped	verb	8
slump	noun	8
slum	noun	8
slips	noun	8
sleeves	noun	8
slapped	verb	8
skipped	verb	8
sipping	verb	8
sioux	noun	8
shrewd	adj	8
shoved	verb	8
shout	verb	8
shotgun	noun	8
shield	noun	8
sherry	noun	8
shelves	noun	8
sheldon	noun	8
shaping	verb	8
setup	noun	8
seriousness	noun	8
sentiments	noun	8
sentenced	verb	8
sensing	verb	8
sensibility	noun	8
selfish	adj	8
securities	noun	8
seasonal	adj	8
scraped	verb	8
scrap	noun	8
scout	noun	8
scots	noun	8
scholarships	noun	8
scholarly	adj	8
scandal	noun	8
satellite	noun	8
sane	adj	8
saloons	noun	8
salaries	noun	8
sailors	noun	8
sack	noun	8
sac	noun	8
ryusenji	noun	8
rusty	adj	8
rumor	noun	8
ruins	noun	8
rousing	adj	8
rot	noun	8
rosy	adj	8
rooted	verb	8
rocked	verb	8
robards	noun	8
rite	noun	8
rigidly	adv	8
rhodes	noun	8
revolt	noun	8
revive	verb	8
revival	noun	8
revision	noun	8
reversed	verb	8
retreated	verb	8
retiring	verb	8
restriction	noun	8
restorative	adj	8
respondents	noun	8
respondent	noun	8
residue	noun	8
reservation	noun	8
resented	verb	8
resent	verb	8
resembled	verb	8
resemble	verb	8
requesting	verb	8
repel	verb	8
repairs	noun	8
renewal	noun	8
removing	verb	8
reminds	verb	8
reminder	noun	8
relish	noun	8
relied	verb	8
releases	noun	8
relates	verb	8
referrals	noun	8
recruits	noun	8
recreational	adj	8
recommending	verb	8
recital	noun	8
reciprocal	adj	8
recipe	noun	8
reassurance	noun	8
realistically	adv	8
raged	verb	8
radish	noun	8
radiant	adj	8
quirt	noun	8
qualification	noun	8
pumping	verb	8
ptolemy	noun	8
prosperous	adj	8
prosecutor	noun	8
propagation	noun	8
prominently	adv	8
prohibited	verb	8
profoundly	adv	8
pretend	verb	8
premises	noun	8
pregnant	adj	8
predictable	adj	8
predict	verb	8
precinct	noun	8
precaution	noun	8
precarious	adj	8
preached	verb	8
preach	verb	8
practiced	verb	8
potters	noun	8
potentialities	noun	8
possesses	verb	8
populations	noun	8
pollock	noun	8
poetics	noun	8
plots	noun	8
planking	noun	8
pitchers	noun	8
pitched	verb	8
pilots	noun	8
pills	noun	8
pillow	noun	8
pig	noun	8
phonemic	adj	8
ph	noun	8
petty	adj	8
petitions	noun	8
peterson	noun	8
pet	noun	8
perry	noun	8
perpetual	adj	8
peripheral	adj	8
perilous	adj	8
peril	noun	8
penetrated	verb	8
peers	noun	8
peer	noun	8
peculiarly	adv	8
peaks	noun	8
pathetic	adj	8
parliamentary	adj	8
pardon	noun	8
parasympathetic	adj	8
parameters	noun	8
pam	noun	8
palms	noun	8
pad	noun	8
oysters	noun	8
overly	adv	8
overboard	adv	8
oval	adj	8
outsiders	noun	8
outgoing	adj	8
organizing	verb	8
ontological	adj	8
offensive	adj	8
offense	noun	8
odors	noun	8
observes	verb	8
obey	verb	8
nutrition	noun	8
notorious	adj	8
notify	verb	8
nostalgia	noun	8
nominated	verb	8
nogol	noun	8
noel	noun	8
niece	noun	8
newt	noun	8
newark	noun	8
neutralist	noun	8
negotiating	verb	8
mutton	noun	8
muttering	verb	8
murray	noun	8
multiplying	verb	8
multiplicity	noun	8
mouths	noun	8
mourning	verb	8
mounts	noun	8
motif	noun	8
moods	noun	8
monuments	noun	8
monotonous	adj	8
momentous	adj	8
modes	noun	8
mock	adj	8
mobility	noun	8
miracles	noun	8
mingled	verb	8
militant	adj	8
midway	adv	8
microscopic	adj	8
microscope	noun	8
micrometeorite	noun	8
mg	noun	8
metropolis	noun	8
meteorites	noun	8
merry	adj	8
merchandising	verb	8
mentioning	verb	8
memphis	noun	8
mel	noun	8
mccormick	noun	8
matson	noun	8
mating	verb	8
marx	noun	8
martyr	noun	8
marches	noun	8
many	adv	8
manuscript	noun	8
mansion	noun	8
maneuvers	noun	8
managing	verb	8
mamma	noun	8
mailing	verb	8
mahogany	noun	8
magnetism	noun	8
macklin	noun	8
lucia	noun	8
lotion	noun	8
lone	adj	8
lolotte	noun	8
logs	noun	8
lifting	verb	8
liberties	noun	8
liberated	verb	8
leagues	noun	8
lb	noun	8
lakes	noun	8
knuckles	noun	8
knot	noun	8
knitted	verb	8
knights	noun	8
knelt	verb	8
kinetic	adj	8
kindly	adj	8
kilometer	noun	8
kills	verb	8
kern	noun	8
junk	noun	8
jumping	verb	8
julian	noun	8
juet	noun	8
judy	noun	8
jig	noun	8
jenny	noun	8
jed	noun	8
jammed	verb	8
jacques	noun	8
isolate	verb	8
irresistible	adj	8
irregularities	noun	8
irrational	adj	8
ionic	adj	8
iodide	noun	8
inviting	verb	8
invisible	adj	8
investigating	verb	8
intonation	noun	8
interruption	noun	8
interpreter	noun	8
interlobular	adj	8
interdependent	adj	8
intensification	noun	8
instructor	noun	8
install	verb	8
inspiring	verb	8
insistent	adj	8
inhibit	verb	8
infection	noun	8
inescapable	adj	8
indicator	noun	8
indefinite	adj	8
inclination	noun	8
inauguration	noun	8
inaugural	noun	8
imported	verb	8
importantly	adv	8
implementation	noun	8
impassioned	adj	8
impartial	adj	8
immediacy	noun	8
illiterate	adj	8
hypothetical	adj	8
hurricane	noun	8
humidity	noun	8
hugh	noun	8
hostess	noun	8
horns	noun	8
hopefully	adv	8
hoover	noun	8
honoring	verb	8
homogeneous	adj	8
holland	noun	8
hitler	noun	8
hips	noun	8
heretofore	adv	8
hereby	adv	8
herb	noun	8
hemphill	noun	8
heed	verb	8
hearings	noun	8
headlights	noun	8
haunting	adj	8
haunted	verb	8
hamrick	noun	8
guideposts	noun	8
guessing	verb	8
guarantees	noun	8
grinding	verb	8
greasy	adj	8
gratt	noun	8
granting	verb	8
gracefully	adv	8
governors	noun	8
glue	noun	8
glancing	verb	8
gibson	noun	8
germanium	noun	8
geological	adj	8
generously	adv	8
gazing	verb	8
gait	noun	8
gaiety	noun	8
furious	adj	8
fuller	adj	8
frowned	verb	8
freshman	noun	8
frenchman	noun	8
fraud	noun	8
frantically	adv	8
franks	noun	8
francesca	noun	8
frail	adj	8
foreseen	verb	8
forceful	adj	8
footsteps	noun	8
foe	noun	8
focal	adj	8
flu	noun	8
flour	noun	8
flatness	noun	8
flashlight	noun	8
flair	noun	8
fitness	noun	8
financially	adv	8
fierce	adj	8
fidelity	noun	8
festivities	noun	8
feeble	adj	8
featured	verb	8
fbi	noun	8
faulty	adj	8
farmhouse	noun	8
fabrication	noun	8
exterior	adj	8
extensions	noun	8
expose	verb	8
exploded	verb	8
experimentally	adv	8
exemption	noun	8
excluded	verb	8
exceptionally	adv	8
exceedingly	adv	8
examinations	noun	8
exaggerate	verb	8
evolved	verb	8
everlasting	adj	8
establishments	noun	8
essays	noun	8
erotic	adj	8
equivalents	noun	8
equate	verb	8
equals	verb	8
entails	verb	8
ensure	verb	8
englishmen	noun	8
engaging	verb	8
engagements	noun	8
endure	verb	8
encounters	noun	8
emptied	verb	8
emerson	noun	8
embarrassment	noun	8
embarrassed	verb	8
elect	verb	8
efficiently	adv	8
echoes	noun	8
eased	verb	8
dystopias	noun	8
dwell	verb	8
duplication	noun	8
dunes	noun	8
drawer	noun	8
downright	adv	8
dorset	noun	8
dominion	noun	8
dominate	verb	8
domes	noun	8
dock	noun	8
doaty	noun	8
divorced	verb	8
dividends	noun	8
distaste	noun	8
disputes	noun	8
dispelled	verb	8
dispatch	noun	8
dismal	adj	8
discontent	noun	8
discernible	adj	8
discarded	verb	8
disappearance	noun	8
directional	adj	8
diocs	noun	8
diminishing	verb	8
differentiation	noun	8
diamond	noun	8
diagrams	noun	8
devise	verb	8
deterrent	noun	8
detectable	adj	8
descended	verb	8
deprived	verb	8
depicted	verb	8
dependable	adj	8
denomination	noun	8
delegate	verb	8
deeds	noun	8
deed	noun	8
decreases	verb	8
decreased	verb	8
decorative	adj	8
decorations	noun	8
decoration	noun	8
declare	verb	8
debris	noun	8
deaths	noun	8
dashed	verb	8
danish	adj	8
cyclist	noun	8
cushion	noun	8
curtains	noun	8
cursing	verb	8
crystals	noun	8
cruz	noun	8
crusade	noun	8
crisp	adj	8
crimson	adj	8
creeping	verb	8
creed	noun	8
credo	noun	8
crawling	verb	8
coward	noun	8
courtyard	noun	8
counters	noun	8
corrupt	adj	8
coping	verb	8
copernican	adj	8
cooks	noun	8
contracted	verb	8
contests	noun	8
contented	verb	8
constantine	noun	8
conspicuously	adv	8
connally	noun	8
confront	verb	8
conflicting	verb	8
confided	verb	8
concluding	verb	8
concede	verb	8
concealed	verb	8
compulsion	noun	8
comprised	verb	8
compression	noun	8
compost	noun	8
complaints	noun	8
compelling	adj	8
companions	noun	8
commentary	noun	8
commencing	verb	8
comforting	verb	8
colts	noun	8
collector	noun	8
collections	noun	8
coldly	adv	8
coals	noun	8
clutching	verb	8
clocks	noun	8
clicked	verb	8
cleaners	noun	8
clarified	verb	8
clarence	noun	8
clamped	verb	8
claimant	noun	8
civilizational	adj	8
churchyard	noun	8
chuckled	verb	8
chooses	verb	8
choir	noun	8
chien	noun	8
cheer	noun	8
charley	noun	8
charity	noun	8
charging	verb	8
characterization	noun	8
championship	noun	8
cerebral	adj	8
centimeters	noun	8
celestial	adj	8
cd	noun	8
catholicism	noun	8
cathedral	noun	8
catalogue	noun	8
carnegie	noun	8
careless	adj	8
cardinals	noun	8
caravan	noun	8
capillary	noun	8
canvases	noun	8
caliber	noun	8
butcher	noun	8
busily	adv	8
buns	noun	8
bugs	noun	8
buddha	noun	8
budapest	noun	8
bruises	noun	8
broaden	verb	8
brighter	adj	8
brethren	noun	8
brazil	noun	8
brandon	noun	8
boycott	noun	8
bourbon	noun	8
bounce	verb	8
bottoms	noun	8
bosom	noun	8
borrowing	verb	8
borne	verb	8
boom	noun	8
bomber	noun	8
boldly	adv	8
boast	verb	8
bluntly	adv	8
bluff	noun	8
blows	verb	8
bloody	adj	8
bloat	noun	8
blindly	adv	8
bites	noun	8
bias	noun	8
betrayed	verb	8
benches	noun	8
belts	noun	8
bells	noun	8
bellows	noun	8
beauclerk	noun	8
barrels	noun	8
barred	verb	8
barney	noun	8
barker	noun	8
barber	noun	8
banner	noun	8
bankruptcy	noun	8
ballroom	noun	8
ballad	noun	8
baked	verb	8
bacteria	noun	8
backing	verb	8
babe	noun	8
avoidance	noun	8
automotive	adj	8
authoritative	adj	8
authenticity	noun	8
attained	verb	8
athens	noun	8
astonishing	adj	8
assumes	verb	8
assimilation	noun	8
artie	noun	8
articulate	adj	8
arithmetic	noun	8
arcs	noun	8
architectural	adj	8
architects	noun	8
archbishop	noun	8
archaeological	adj	8
appraisal	noun	8
apportioned	verb	8
applicant	noun	8
appliances	noun	8
aperture	noun	8
ankle	noun	8
anguish	noun	8
angelo	noun	8
ancestry	noun	8
analyzing	verb	8
analogous	adj	8
alley	noun	8
alibi	noun	8
alarmed	verb	8
ah	pron	8
agrarian	adj	8
aggregate	adj	8
afflicted	verb	8
aerial	adj	8
admitting	verb	8
adc	noun	8
actuality	noun	8
actives	noun	8
accusing	verb	8
accompany	verb	8
accompaniment	noun	8
accommodations	noun	8
accidents	noun	8
accelerometers	noun	8
absurdity	noun	8
aborigines	noun	8
abolish	verb	8
yugoslav	adj	7
yorker	noun	7
yokuts	noun	7
yields	verb	7
yearning	noun	7
yank	noun	7
writ	noun	7
wrinkles	noun	7
wretched	adj	7
worlds	noun	7
workmen	noun	7
wiser	adj	7
winking	verb	7
wink	noun	7
willings	noun	7
wholesale	adj	7
whitehead	noun	7
whipple	noun	7
whipping	verb	7
weekends	noun	7
wearily	adv	7
weaken	verb	7
watered	verb	7
wasteful	adj	7
wary	adj	7
warriors	noun	7
wandering	verb	7
wallpaper	noun	7
waged	verb	7
vulnerability	noun	7
vulgar	adj	7
vowel	noun	7
voltaic	adj	7
visions	noun	7
violet	noun	7
violate	verb	7
vientiane	noun	7
victories	noun	7
vermejo	noun	7
verbs	noun	7
venice	noun	7
vectors	noun	7
vanity	noun	7
valuation	noun	7
vaginal	adj	7
utmost	adj	7
utilities	noun	7
upturn	noun	7
uphold	verb	7
unwilling	adj	7
unrelated	adj	7
unmistakable	adj	7
unload	verb	7
uniformed	adj	7
undertook	verb	7
uncovered	verb	7
unbroken	adj	7
unavoidable	adj	7
unavailable	adj	7
ugliness	noun	7
typing	verb	7
twin	noun	7
tunes	noun	7
tshombe	noun	7
trusts	noun	7
trumpet	noun	7
trousers	noun	7
troublesome	adj	7
trotted	verb	7
trooper	noun	7
triggered	verb	7
trapped	verb	7
transform	verb	7
trailing	verb	7
tragedies	noun	7
tractors	noun	7
township	noun	7
touring	verb	7
totaled	verb	7
torso	noun	7
topped	verb	7
titan	noun	7
tiger	noun	7
tibet	noun	7
threads	noun	7
thirties	noun	7
thighs	noun	7
tessie	noun	7
terry	noun	7
terrifying	verb	7
terrified	verb	7
terrestrial	adj	7
terraces	noun	7
tenth	det	7
temperament	noun	7
ted	noun	7
tart	adj	7
tapped	verb	7
tapered	verb	7
tammany	noun	7
tallyho	noun	7
taller	adj	7
talented	adj	7
taiwan	noun	7
tails	noun	7
tablespoons	noun	7
symptomatic	adj	7
symphonic	adj	7
sympathize	verb	7
symmetry	noun	7
symmetric	adj	7
sword	noun	7
switching	verb	7
swell	verb	7
swedish	adj	7
suspicions	noun	7
surrendered	verb	7
surged	verb	7
suppression	noun	7
supportive	adj	7
superficial	adj	7
super	adj	7
summed	verb	7
subway	noun	7
subspace	noun	7
subsidiary	noun	7
subscribers	noun	7
submerged	verb	7
subgroups	noun	7
styrene	noun	7
stud	noun	7
strive	verb	7
strides	noun	7
streaming	verb	7
stranded	verb	7
strand	noun	7
straining	verb	7
straighten	verb	7
stir	verb	7
stimulated	verb	7
sterling	noun	7
statutes	noun	7
starvation	noun	7
stark	noun	7
stamped	verb	7
stalked	verb	7
squatting	verb	7
squat	noun	7
squall	noun	7
sprinkling	noun	7
sprinkle	verb	7
sporadic	adj	7
spontaneity	noun	7
sponge	noun	7
splendor	noun	7
spiritually	adv	7
spin	verb	7
speculate	verb	7
speck	noun	7
spear	noun	7
spain	noun	7
sophia	noun	7
sonar	noun	7
somers	noun	7
solo	noun	7
soiled	verb	7
softened	verb	7
socks	noun	7
soak	verb	7
snows	verb	7
snelling	noun	7
smug	adj	7
smoothed	verb	7
sloping	verb	7
slopes	noun	7
slogan	noun	7
slipping	verb	7
slippers	noun	7
slick	adj	7
slacks	noun	7
skins	noun	7
skiing	verb	7
skeptical	adj	7
sinner	noun	7
sincerely	adv	7
simulated	verb	7
simpkins	noun	7
signing	verb	7
sighted	verb	7
siddo	noun	7
shylock	noun	7
shrine	noun	7
shrill	adj	7
shortstop	noun	7
shortened	verb	7
shearing	verb	7
shaefer	noun	7
sesame	noun	7
serial	noun	7
separating	verb	7
semantic	adj	7
securing	verb	7
seattle	noun	7
seaman	noun	7
sculptures	noun	7
screeching	verb	7
scratched	verb	7
scraping	verb	7
schuylkill	noun	7
scandals	noun	7
saxons	noun	7
saturated	verb	7
satellites	noun	7
sampled	verb	7
salami	noun	7
saga	noun	7
sabella	noun	7
ruthless	adj	7
rpm	noun	7
royalty	noun	7
roses	noun	7
rooney	noun	7
rocket	noun	7
riot	noun	7
rigorous	adj	7
rhine	noun	7
revolutions	noun	7
revenge	noun	7
retarded	verb	7
retaining	verb	7
restrictive	adj	7
restraints	noun	7
restraining	verb	7
responds	verb	7
resistors	noun	7
resignation	noun	7
reputable	adj	7
reproduced	verb	7
reproduce	verb	7
repeal	noun	7
repay	verb	7
rented	verb	7
reno	noun	7
rendezvous	noun	7
reluctantly	adv	7
reliance	noun	7
relaxation	noun	7
relate	verb	7
reinforced	verb	7
reign	noun	7
rehearsed	verb	7
regulated	verb	7
regression	noun	7
registry	noun	7
regards	verb	7
refugees	noun	7
refugee	noun	7
refuge	noun	7
reflections	noun	7
reduces	verb	7
redhead	noun	7
recruitment	noun	7
recorder	noun	7
recognizable	adj	7
reckon	verb	7
recipient	noun	7
recession	noun	7
receipts	noun	7
recalling	verb	7
reassuring	verb	7
reactor	noun	7
rays	noun	7
raucous	adj	7
rattling	verb	7
ranchers	noun	7
raining	verb	7
rags	noun	7
radios	noun	7
quivering	verb	7
quarterly	adj	7
quarry	noun	7
quadric	adj	7
putt	noun	7
punished	verb	7
psychoanalytic	adj	7
psyche	noun	7
proxy	noun	7
provoked	verb	7
provocative	adj	7
provisional	adj	7
protozoa	noun	7
protesting	verb	7
propriety	noun	7
proposes	verb	7
prompted	verb	7
productions	noun	7
procedural	adj	7
probation	noun	7
prisoner	noun	7
princeton	noun	7
pricing	verb	7
prey	noun	7
prevails	verb	7
prevailed	verb	7
prevail	verb	7
preparatory	adj	7
premise	noun	7
preferences	noun	7
predominantly	adv	7
precautions	noun	7
powdered	verb	7
pour	verb	7
potentially	adv	7
postulated	verb	7
postpone	verb	7
postcard	noun	7
postal	adj	7
positivist	noun	7
posed	verb	7
portrayal	noun	7
portraits	noun	7
popularly	adv	7
pop	noun	7
ponds	noun	7
polymerization	noun	7
polyether	noun	7
polite	adj	7
polar	adj	7
plight	noun	7
plentiful	adj	7
pleaded	verb	7
platoon	noun	7
plantations	noun	7
plank	noun	7
piston	noun	7
pipes	noun	7
pinched	verb	7
photos	noun	7
photography	noun	7
photochemical	adj	7
photocathode	noun	7
phosphate	noun	7
phones	noun	7
persists	verb	7
persecution	noun	7
performer	noun	7
percussive	adj	7
perceptual	adj	7
pensions	noun	7
penetrate	verb	7
peasant	noun	7
peaked	adj	7
paxton	noun	7
pauling	noun	7
patted	verb	7
patricia	noun	7
participates	verb	7
participants	noun	7
parameter	noun	7
papal	adj	7
palestine	noun	7
pakistan	noun	7
pageant	noun	7
packaging	verb	7
pacing	verb	7
paces	noun	7
overwhelmingly	adv	7
overlooked	verb	7
overcomes	verb	7
oven	noun	7
outraged	verb	7
outboard	adj	7
oso	noun	7
origins	noun	7
orgasm	noun	7
organisms	noun	7
openings	noun	7
olympic	adj	7
oliver	noun	7
olgivanna	noun	7
offspring	noun	7
occupying	verb	7
obstacles	noun	7
obscured	verb	7
obeyed	verb	7
oats	noun	7
numbering	verb	7
novelties	noun	7
noteworthy	adj	7
nomenclature	noun	7
nodding	verb	7
nobel	noun	7
nikita	noun	7
nickel	noun	7
nicholas	noun	7
newcomers	noun	7
newcomer	noun	7
negotiated	verb	7
nashville	noun	7
narrower	adj	7
narcotics	noun	7
napoleon	noun	7
mysteries	noun	7
myriad	adj	7
mussorgsky	noun	7
murphy	noun	7
multiplied	verb	7
mullins	noun	7
mouthpiece	noun	7
mousie	noun	7
motionless	adj	7
motels	noun	7
morphophonemic	adj	7
mores	noun	7
morals	noun	7
morally	adv	7
montpelier	noun	7
monotony	noun	7
monastic	adj	7
molotov	noun	7
molesworth	noun	7
molds	noun	7
misplaced	verb	7
minus	prep	7
mint	noun	7
mildly	adv	7
meynell	noun	7
meteoritic	adj	7
metals	noun	7
merchandise	noun	7
mentions	verb	7
menshikov	noun	7
mediterranean	noun	7
medal	noun	7
meadows	noun	7
mccarthy	noun	7
maximization	noun	7
maurice	noun	7
materialism	noun	7
masculine	adj	7
martinelli	noun	7
marksman	noun	7
marinas	noun	7
marcus	noun	7
mapping	verb	7
maple	noun	7
mao	noun	7
manipulation	noun	7
mandate	noun	7
mails	noun	7
magnificently	adv	7
macneff	noun	7
lyrical	adj	7
lure	noun	7
lump	noun	7
lore	noun	7
lookup	noun	7
longed	verb	7
locks	noun	7
listing	noun	7
links	noun	7
linger	verb	7
linden	noun	7
lilian	noun	7
liability	noun	7
lexington	noun	7
levy	noun	7
lessening	noun	7
leo	noun	7
lending	verb	7
lemma	noun	7
legislator	noun	7
legion	noun	7
ledger	noun	7
laundering	verb	7
landmarks	noun	7
lambs	noun	7
lamb	noun	7
lace	noun	7
kyoto	noun	7
kodyke	noun	7
knives	noun	7
kitty	noun	7
kings	noun	7
kidding	verb	7
kennan	noun	7
karns	noun	7
kahler	noun	7
junction	noun	7
juan	noun	7
joys	noun	7
jointly	adv	7
jist	adv	7
jen	noun	7
jelke	noun	7
italians	noun	7
issuance	noun	7
irritation	noun	7
